RESPONDENT_ID,V1_x,SEX,POL_BELIEFS,NUM_SIBS,BR_SR_inhouse,FATHR_PRES,MOTHR_PRES,LONELY,WISH_MORE_FRNDS,USLLY_FRNDS
50001,2014,2.0,8.0,1.0,1.0,1.0,1.0,4.0,4.0,5.0
50002,2014,2.0,3.0,,1.0,0.0,1.0,3.0,3.0,4.0
50003,2014,2.0,8.0,,0.0,0.0,1.0,4.0,4.0,4.0
50004,2014,1.0,2.0,2.0,1.0,1.0,1.0,2.0,1.0,5.0
50005,2014,2.0,8.0,2.0,1.0,1.0,1.0,2.0,3.0,3.0
50006,2014,1.0,3.0,,0.0,0.0,1.0,1.0,1.0,5.0
50007,2014,2.0,3.0,,1.0,0.0,0.0,4.0,4.0,5.0
50008,2014,2.0,8.0,1.0,1.0,1.0,1.0,1.0,1.0,5.0
50009,2014,1.0,8.0,,0.0,0.0,0.0,1.0,1.0,5.0
50010,2014,2.0,8.0,,1.0,1.0,0.0,4.0,3.0,4.0
50011,2014,2.0,3.0,2.0,0.0,1.0,0.0,2.0,1.0,5.0
50012,2014,2.0,8.0,2.0,1.0,1.0,1.0,2.0,3.0,3.0
50013,2014,2.0,4.0,1.0,1.0,1.0,1.0,4.0,3.0,3.0
50014,2014,1.0,8.0,2.0,0.0,1.0,0.0,4.0,5.0,5.0
50015,2014,2.0,8.0,1.0,0.0,0.0,1.0,5.0,5.0,5.0
50016,2014,2.0,8.0,2.0,1.0,1.0,1.0,5.0,3.0,5.0
50017,2014,1.0,4.0,,1.0,1.0,0.0,4.0,5.0,5.0
50018,2014,2.0,8.0,,1.0,0.0,1.0,4.0,1.0,5.0
50019,2014,1.0,8.0,,1.0,0.0,1.0,3.0,5.0,4.0
50020,2014,1.0,8.0,,0.0,1.0,1.0,2.0,4.0,4.0
50021,2014,1.0,2.0,1.0,0.0,1.0,1.0,1.0,2.0,4.0
50022,2014,2.0,8.0,1.0,1.0,1.0,1.0,4.0,5.0,5.0
50023,2014,2.0,8.0,2.0,0.0,0.0,1.0,1.0,5.0,4.0
50024,2014,2.0,3.0,,0.0,0.0,0.0,5.0,5.0,5.0
50025,2014,2.0,8.0,,1.0,0.0,1.0,4.0,4.0,5.0
50026,2014,1.0,6.0,,1.0,0.0,1.0,3.0,3.0,3.0
50027,2014,1.0,6.0,,1.0,1.0,1.0,1.0,4.0,4.0
50028,2014,2.0,8.0,,0.0,0.0,0.0,1.0,4.0,2.0
50029,2014,2.0,8.0,,1.0,1.0,1.0,1.0,1.0,4.0
50030,2014,2.0,5.0,,1.0,1.0,1.0,,,
50031,2014,1.0,3.0,,1.0,0.0,0.0,3.0,4.0,3.0
50032,2014,1.0,8.0,,0.0,0.0,0.0,1.0,1.0,5.0
50033,2014,2.0,3.0,1.0,0.0,0.0,1.0,4.0,5.0,4.0
50034,2014,2.0,8.0,2.0,1.0,0.0,0.0,4.0,4.0,4.0
50035,2014,2.0,8.0,2.0,0.0,0.0,1.0,3.0,4.0,4.0
50036,2014,1.0,8.0,1.0,0.0,0.0,0.0,,,
50037,2014,2.0,3.0,,1.0,1.0,1.0,2.0,2.0,4.0
50038,2014,1.0,8.0,2.0,1.0,1.0,1.0,3.0,4.0,3.0
50039,2014,2.0,8.0,1.0,1.0,1.0,1.0,1.0,1.0,5.0
50040,2014,2.0,8.0,1.0,1.0,0.0,1.0,4.0,3.0,4.0
50041,2014,2.0,4.0,2.0,1.0,1.0,1.0,4.0,2.0,4.0
50042,2014,1.0,8.0,,1.0,1.0,1.0,1.0,1.0,5.0
50043,2014,2.0,1.0,,0.0,0.0,0.0,4.0,4.0,4.0
50044,2014,1.0,2.0,1.0,1.0,1.0,1.0,2.0,1.0,4.0
50045,2014,2.0,8.0,1.0,1.0,1.0,1.0,4.0,5.0,3.0
50046,2014,1.0,3.0,,1.0,1.0,1.0,2.0,2.0,5.0
50047,2014,1.0,3.0,1.0,1.0,1.0,1.0,2.0,1.0,5.0
50048,2014,1.0,8.0,2.0,0.0,0.0,0.0,,3.0,3.0
50049,2014,2.0,3.0,,1.0,1.0,1.0,1.0,2.0,5.0
50050,2014,2.0,8.0,,1.0,1.0,1.0,4.0,1.0,5.0
50051,2014,1.0,8.0,1.0,1.0,0.0,1.0,1.0,1.0,4.0
50052,2014,1.0,1.0,2.0,0.0,1.0,1.0,1.0,5.0,5.0
50053,2014,2.0,2.0,,1.0,1.0,1.0,2.0,4.0,4.0
50054,2014,2.0,8.0,2.0,1.0,1.0,1.0,1.0,1.0,5.0
50055,2014,1.0,8.0,2.0,0.0,0.0,1.0,3.0,4.0,4.0
50056,2014,,8.0,2.0,1.0,1.0,1.0,3.0,3.0,3.0
50057,2014,2.0,3.0,2.0,0.0,0.0,0.0,4.0,5.0,5.0
50058,2014,1.0,8.0,2.0,1.0,1.0,1.0,1.0,1.0,1.0
50059,2014,2.0,8.0,,1.0,1.0,0.0,4.0,3.0,3.0
50060,2014,2.0,8.0,,0.0,1.0,1.0,,,
50061,2014,2.0,4.0,2.0,0.0,0.0,1.0,5.0,3.0,3.0
50062,2014,1.0,8.0,2.0,1.0,1.0,1.0,4.0,5.0,4.0
50063,2014,1.0,1.0,,0.0,0.0,0.0,4.0,4.0,2.0
50064,2014,2.0,8.0,,1.0,1.0,1.0,1.0,4.0,4.0
50065,2014,2.0,3.0,,1.0,1.0,1.0,2.0,4.0,5.0
50066,2014,2.0,8.0,,1.0,1.0,1.0,3.0,5.0,4.0
50067,2014,,3.0,1.0,0.0,1.0,1.0,3.0,4.0,3.0
50068,2014,2.0,2.0,2.0,1.0,0.0,1.0,2.0,2.0,4.0
50069,2014,2.0,8.0,,0.0,1.0,0.0,3.0,3.0,3.0
50070,2014,2.0,8.0,,0.0,0.0,1.0,1.0,1.0,5.0
50071,2014,2.0,8.0,2.0,1.0,0.0,1.0,3.0,3.0,3.0
50072,2014,2.0,3.0,,0.0,0.0,0.0,5.0,5.0,
50073,2014,2.0,6.0,2.0,1.0,0.0,1.0,,,
50074,2014,2.0,8.0,,1.0,1.0,1.0,2.0,3.0,5.0
50075,2014,2.0,8.0,2.0,1.0,1.0,1.0,4.0,3.0,3.0
50076,2014,1.0,8.0,,0.0,1.0,0.0,3.0,3.0,3.0
50077,2014,1.0,4.0,2.0,1.0,1.0,1.0,3.0,5.0,5.0
50078,2014,1.0,4.0,2.0,0.0,0.0,1.0,2.0,2.0,2.0
50079,2014,2.0,4.0,1.0,1.0,1.0,1.0,1.0,1.0,5.0
50080,2014,1.0,4.0,1.0,1.0,1.0,1.0,4.0,4.0,4.0
50081,2014,1.0,1.0,,0.0,0.0,1.0,1.0,5.0,5.0
50082,2014,1.0,3.0,2.0,1.0,1.0,1.0,3.0,4.0,4.0
50083,2014,1.0,3.0,1.0,1.0,1.0,1.0,2.0,3.0,3.0
50084,2014,2.0,5.0,1.0,1.0,1.0,1.0,4.0,5.0,2.0
50085,2014,1.0,2.0,1.0,0.0,0.0,1.0,2.0,1.0,5.0
50086,2014,2.0,1.0,,1.0,0.0,1.0,1.0,1.0,5.0
50087,2014,2.0,8.0,2.0,0.0,0.0,0.0,5.0,5.0,2.0
50088,2014,1.0,8.0,1.0,1.0,1.0,1.0,1.0,2.0,5.0
50089,2014,1.0,3.0,0.0,0.0,0.0,0.0,2.0,4.0,3.0
50090,2014,1.0,8.0,,1.0,0.0,1.0,1.0,3.0,1.0
50091,2014,1.0,2.0,,1.0,1.0,1.0,3.0,3.0,3.0
50092,2014,1.0,8.0,,1.0,1.0,1.0,4.0,4.0,5.0
50093,2014,1.0,8.0,,0.0,1.0,1.0,2.0,2.0,4.0
50094,2014,2.0,8.0,,1.0,1.0,1.0,2.0,4.0,5.0
50095,2014,2.0,8.0,,1.0,1.0,1.0,4.0,5.0,3.0
50096,2014,2.0,8.0,,1.0,1.0,1.0,3.0,5.0,1.0
50097,2014,1.0,3.0,,1.0,1.0,1.0,4.0,3.0,3.0
50098,2014,2.0,3.0,2.0,1.0,1.0,1.0,4.0,4.0,4.0
50099,2014,1.0,3.0,1.0,1.0,1.0,1.0,1.0,1.0,1.0
50100,2014,1.0,8.0,,1.0,1.0,1.0,2.0,4.0,2.0
50101,2014,2.0,3.0,,1.0,1.0,1.0,1.0,4.0,5.0
50102,2014,2.0,2.0,1.0,1.0,1.0,1.0,4.0,4.0,5.0
50103,2014,1.0,8.0,1.0,1.0,1.0,1.0,2.0,1.0,5.0
50104,2014,2.0,8.0,,0.0,1.0,0.0,3.0,5.0,4.0
50105,2014,1.0,8.0,2.0,1.0,1.0,1.0,4.0,4.0,4.0
50106,2014,2.0,8.0,,1.0,1.0,1.0,4.0,5.0,3.0
50107,2014,2.0,3.0,2.0,1.0,1.0,1.0,1.0,2.0,5.0
50108,2014,2.0,8.0,,1.0,0.0,1.0,4.0,4.0,4.0
50109,2014,2.0,8.0,1.0,1.0,0.0,1.0,2.0,1.0,1.0
50110,2014,2.0,3.0,1.0,1.0,0.0,1.0,4.0,4.0,2.0
50111,2014,1.0,8.0,,0.0,1.0,1.0,3.0,3.0,5.0
50112,2014,2.0,4.0,2.0,1.0,0.0,0.0,5.0,5.0,3.0
50113,2014,1.0,8.0,,1.0,0.0,1.0,1.0,5.0,5.0
50114,2014,2.0,2.0,,0.0,1.0,1.0,4.0,4.0,2.0
50115,2014,1.0,2.0,,0.0,0.0,0.0,2.0,2.0,4.0
50116,2014,1.0,4.0,1.0,1.0,1.0,1.0,2.0,3.0,4.0
50117,2014,1.0,4.0,2.0,1.0,1.0,1.0,2.0,2.0,4.0
50118,2014,2.0,2.0,2.0,1.0,1.0,1.0,4.0,3.0,3.0
50119,2014,2.0,4.0,0.0,0.0,1.0,1.0,4.0,3.0,4.0
50120,2014,2.0,4.0,1.0,0.0,1.0,1.0,2.0,2.0,4.0
50121,2014,1.0,8.0,1.0,0.0,1.0,1.0,1.0,3.0,4.0
50122,2014,2.0,4.0,2.0,1.0,1.0,1.0,1.0,1.0,1.0
50123,2014,2.0,3.0,1.0,1.0,1.0,1.0,2.0,2.0,4.0
50124,2014,2.0,3.0,2.0,1.0,1.0,1.0,2.0,4.0,3.0
50125,2014,1.0,2.0,,1.0,0.0,1.0,2.0,2.0,4.0
50126,2014,2.0,4.0,1.0,1.0,1.0,1.0,1.0,4.0,4.0
50127,2014,2.0,8.0,1.0,1.0,1.0,1.0,,,
50128,2014,2.0,2.0,,1.0,1.0,1.0,3.0,3.0,4.0
50129,2014,2.0,5.0,2.0,1.0,0.0,1.0,5.0,5.0,2.0
50130,2014,1.0,2.0,0.0,0.0,0.0,1.0,5.0,1.0,5.0
50131,2014,2.0,8.0,,1.0,1.0,1.0,4.0,5.0,4.0
50132,2014,2.0,2.0,1.0,1.0,1.0,1.0,1.0,1.0,5.0
50133,2014,2.0,2.0,1.0,0.0,1.0,1.0,1.0,5.0,4.0
50134,2014,1.0,8.0,1.0,1.0,1.0,1.0,1.0,2.0,4.0
50135,2014,2.0,3.0,1.0,1.0,1.0,1.0,1.0,2.0,5.0
50136,2014,1.0,2.0,1.0,1.0,1.0,1.0,3.0,3.0,5.0
50137,2014,1.0,5.0,1.0,1.0,1.0,1.0,2.0,1.0,4.0
50138,2014,2.0,2.0,,1.0,0.0,1.0,1.0,5.0,4.0
50139,2014,2.0,2.0,2.0,1.0,1.0,1.0,3.0,5.0,1.0
50140,2014,1.0,8.0,,0.0,1.0,0.0,4.0,5.0,4.0
50141,2014,1.0,6.0,2.0,1.0,1.0,1.0,,,
50142,2014,1.0,1.0,1.0,1.0,1.0,1.0,1.0,5.0,3.0
50143,2014,1.0,4.0,,1.0,1.0,1.0,1.0,1.0,5.0
50144,2014,2.0,8.0,2.0,1.0,1.0,1.0,4.0,4.0,4.0
50145,2014,1.0,4.0,,1.0,0.0,1.0,4.0,5.0,5.0
50146,2014,1.0,4.0,1.0,1.0,1.0,1.0,2.0,5.0,5.0
50147,2014,1.0,4.0,2.0,1.0,1.0,1.0,3.0,1.0,4.0
50148,2014,1.0,1.0,2.0,1.0,1.0,1.0,1.0,4.0,4.0
50149,2014,1.0,8.0,2.0,1.0,1.0,1.0,2.0,2.0,4.0
50150,2014,2.0,8.0,2.0,1.0,1.0,1.0,3.0,5.0,5.0
50151,2014,2.0,3.0,1.0,1.0,1.0,1.0,2.0,4.0,5.0
50152,2014,2.0,2.0,2.0,1.0,1.0,1.0,1.0,1.0,5.0
50153,2014,1.0,3.0,2.0,1.0,1.0,1.0,1.0,1.0,5.0
50154,2014,2.0,4.0,,1.0,1.0,1.0,3.0,3.0,4.0
50155,2014,2.0,2.0,,1.0,0.0,1.0,4.0,2.0,2.0
50156,2014,1.0,8.0,2.0,0.0,1.0,1.0,4.0,5.0,5.0
50157,2014,2.0,4.0,2.0,1.0,0.0,1.0,,,
50158,2014,1.0,2.0,,0.0,0.0,0.0,4.0,4.0,2.0
50159,2014,2.0,3.0,,1.0,1.0,0.0,4.0,4.0,5.0
50160,2014,2.0,4.0,1.0,1.0,1.0,0.0,5.0,5.0,1.0
50161,2014,2.0,8.0,1.0,0.0,1.0,1.0,4.0,5.0,1.0
50162,2014,1.0,4.0,,1.0,1.0,1.0,4.0,2.0,2.0
50163,2014,2.0,8.0,1.0,1.0,0.0,1.0,3.0,5.0,5.0
50164,2014,1.0,2.0,2.0,1.0,1.0,1.0,2.0,4.0,4.0
50165,2014,2.0,4.0,1.0,0.0,1.0,0.0,4.0,4.0,2.0
50166,2014,2.0,8.0,1.0,1.0,1.0,1.0,2.0,5.0,5.0
50167,2014,1.0,3.0,1.0,1.0,1.0,1.0,4.0,3.0,5.0
50168,2014,2.0,4.0,,1.0,0.0,1.0,3.0,3.0,5.0
50169,2014,2.0,4.0,,1.0,1.0,1.0,4.0,2.0,4.0
50170,2014,2.0,4.0,,1.0,0.0,0.0,5.0,4.0,3.0
50171,2014,2.0,3.0,1.0,1.0,1.0,1.0,1.0,1.0,5.0
50172,2014,2.0,8.0,1.0,1.0,1.0,1.0,4.0,3.0,5.0
50173,2014,1.0,4.0,1.0,0.0,1.0,1.0,5.0,5.0,1.0
50174,2014,1.0,8.0,1.0,1.0,1.0,1.0,4.0,4.0,4.0
50175,2014,1.0,3.0,2.0,1.0,1.0,1.0,1.0,1.0,5.0
50176,2014,,3.0,2.0,1.0,1.0,1.0,5.0,5.0,4.0
50177,2014,1.0,3.0,,1.0,1.0,1.0,4.0,3.0,5.0
50178,2014,2.0,5.0,0.0,0.0,1.0,1.0,3.0,2.0,5.0
50179,2014,2.0,5.0,2.0,1.0,1.0,1.0,1.0,5.0,3.0
50180,2014,2.0,4.0,2.0,1.0,1.0,1.0,3.0,3.0,4.0
50181,2014,2.0,4.0,2.0,1.0,1.0,1.0,1.0,5.0,5.0
50182,2014,2.0,3.0,1.0,1.0,1.0,1.0,3.0,1.0,5.0
50183,2014,1.0,4.0,2.0,1.0,1.0,1.0,2.0,3.0,4.0
50184,2014,1.0,8.0,2.0,1.0,1.0,1.0,3.0,4.0,3.0
50185,2014,2.0,4.0,1.0,1.0,1.0,1.0,1.0,4.0,5.0
50186,2014,1.0,3.0,2.0,1.0,1.0,1.0,3.0,4.0,4.0
50187,2014,,4.0,2.0,0.0,0.0,1.0,1.0,3.0,3.0
50188,2014,2.0,8.0,,0.0,0.0,1.0,5.0,1.0,5.0
50189,2014,2.0,,,,,,,,
50190,2014,,4.0,1.0,1.0,1.0,1.0,2.0,3.0,1.0
50191,2014,2.0,4.0,1.0,1.0,1.0,1.0,5.0,4.0,4.0
50192,2014,2.0,4.0,2.0,1.0,1.0,1.0,1.0,1.0,4.0
50193,2014,1.0,1.0,,0.0,1.0,0.0,5.0,1.0,
50194,2014,1.0,4.0,2.0,1.0,0.0,1.0,4.0,3.0,4.0
50195,2014,1.0,3.0,0.0,0.0,0.0,0.0,4.0,2.0,2.0
50196,2014,2.0,4.0,2.0,0.0,0.0,0.0,3.0,4.0,4.0
50197,2014,2.0,8.0,,1.0,0.0,1.0,,,
50198,2014,1.0,8.0,0.0,0.0,0.0,1.0,4.0,3.0,5.0
50199,2014,1.0,8.0,1.0,1.0,1.0,1.0,4.0,4.0,1.0
50200,2014,2.0,2.0,1.0,1.0,0.0,1.0,5.0,5.0,5.0
50201,2014,2.0,8.0,2.0,1.0,1.0,1.0,1.0,1.0,5.0
50202,2014,1.0,5.0,,1.0,1.0,1.0,5.0,3.0,3.0
50203,2014,2.0,2.0,,1.0,1.0,1.0,1.0,1.0,1.0
50204,2014,2.0,8.0,,1.0,1.0,1.0,2.0,4.0,5.0
50205,2014,,8.0,,,,,3.0,3.0,3.0
50206,2014,2.0,4.0,2.0,1.0,1.0,1.0,,,
50207,2014,1.0,8.0,1.0,1.0,1.0,1.0,5.0,5.0,5.0
50208,2014,1.0,6.0,1.0,1.0,0.0,1.0,2.0,2.0,5.0
50209,2014,1.0,8.0,2.0,1.0,1.0,1.0,3.0,4.0,2.0
50210,2014,2.0,8.0,,1.0,1.0,1.0,1.0,3.0,3.0
50211,2014,1.0,8.0,,1.0,0.0,1.0,2.0,1.0,5.0
50212,2014,2.0,4.0,2.0,1.0,1.0,1.0,4.0,5.0,1.0
50213,2014,2.0,3.0,,1.0,1.0,1.0,1.0,2.0,2.0
50214,2014,2.0,3.0,0.0,0.0,1.0,1.0,2.0,1.0,5.0
50215,2014,2.0,3.0,2.0,1.0,1.0,0.0,2.0,1.0,1.0
50216,2014,1.0,8.0,1.0,1.0,0.0,1.0,5.0,4.0,5.0
50217,2014,2.0,8.0,,1.0,0.0,0.0,5.0,5.0,5.0
50218,2014,2.0,8.0,2.0,1.0,1.0,1.0,1.0,5.0,5.0
50219,2014,,8.0,,0.0,0.0,1.0,,,
50220,2014,1.0,8.0,1.0,1.0,1.0,1.0,3.0,3.0,4.0
50221,2014,1.0,8.0,1.0,1.0,0.0,1.0,1.0,1.0,5.0
50222,2014,1.0,3.0,,1.0,1.0,1.0,4.0,1.0,4.0
50223,2014,,3.0,2.0,1.0,1.0,1.0,1.0,1.0,5.0
50224,2014,2.0,3.0,1.0,1.0,1.0,1.0,3.0,3.0,5.0
50225,2014,1.0,8.0,,1.0,1.0,1.0,1.0,4.0,4.0
50226,2014,1.0,,,,,,3.0,3.0,3.0
50227,2014,2.0,8.0,2.0,0.0,1.0,1.0,2.0,1.0,5.0
50228,2014,1.0,4.0,1.0,1.0,1.0,1.0,,,
50229,2014,2.0,8.0,1.0,1.0,0.0,1.0,2.0,5.0,5.0
50230,2014,2.0,3.0,2.0,1.0,1.0,1.0,2.0,4.0,4.0
50231,2014,2.0,8.0,,0.0,0.0,1.0,5.0,4.0,4.0
50232,2014,1.0,2.0,2.0,0.0,1.0,0.0,5.0,4.0,3.0
50233,2014,2.0,8.0,,1.0,1.0,1.0,4.0,,
50234,2014,2.0,8.0,2.0,1.0,1.0,1.0,2.0,5.0,4.0
50235,2014,2.0,8.0,,1.0,1.0,1.0,4.0,4.0,5.0
50236,2014,1.0,2.0,,1.0,0.0,1.0,,,
50237,2014,1.0,6.0,,1.0,1.0,1.0,4.0,3.0,4.0
50238,2014,2.0,3.0,0.0,0.0,1.0,1.0,4.0,3.0,5.0
50239,2014,2.0,8.0,,0.0,0.0,0.0,1.0,2.0,1.0
50240,2014,2.0,3.0,2.0,1.0,1.0,0.0,2.0,2.0,4.0
50241,2014,1.0,3.0,,1.0,1.0,1.0,2.0,1.0,5.0
50242,2014,1.0,8.0,1.0,1.0,1.0,1.0,2.0,1.0,5.0
50243,2014,1.0,8.0,1.0,1.0,1.0,1.0,1.0,2.0,3.0
50244,2014,1.0,8.0,2.0,1.0,1.0,1.0,1.0,1.0,5.0
50245,2014,1.0,3.0,,1.0,1.0,1.0,4.0,5.0,4.0
50246,2014,1.0,4.0,2.0,1.0,1.0,1.0,1.0,1.0,4.0
50247,2014,2.0,1.0,0.0,0.0,1.0,1.0,1.0,4.0,5.0
50248,2014,1.0,3.0,,0.0,0.0,0.0,4.0,2.0,4.0
50249,2014,2.0,8.0,2.0,1.0,1.0,1.0,2.0,2.0,5.0
50250,2014,2.0,4.0,1.0,1.0,1.0,1.0,2.0,5.0,5.0
50251,2014,1.0,4.0,2.0,1.0,1.0,1.0,4.0,5.0,4.0
50252,2014,,8.0,,1.0,1.0,1.0,3.0,3.0,3.0
50253,2014,1.0,4.0,,0.0,0.0,1.0,3.0,1.0,4.0
50254,2014,1.0,8.0,,1.0,1.0,1.0,2.0,1.0,2.0
50255,2014,1.0,8.0,2.0,1.0,0.0,1.0,5.0,4.0,4.0
50256,2014,1.0,,,,,,,,
50257,2014,2.0,,2.0,1.0,1.0,1.0,1.0,2.0,4.0
50258,2014,2.0,4.0,2.0,1.0,1.0,1.0,4.0,5.0,4.0
50259,2014,2.0,8.0,1.0,1.0,1.0,1.0,2.0,3.0,4.0
50260,2014,2.0,8.0,,1.0,1.0,1.0,3.0,3.0,4.0
50261,2014,2.0,8.0,,1.0,1.0,1.0,3.0,2.0,4.0
50262,2014,2.0,4.0,,1.0,1.0,1.0,4.0,4.0,4.0
50263,2014,2.0,4.0,2.0,1.0,1.0,1.0,2.0,4.0,4.0
50264,2014,2.0,8.0,,1.0,0.0,1.0,,,
50265,2014,,,,,,,,,
50266,2014,2.0,6.0,,0.0,1.0,0.0,5.0,1.0,5.0
50267,2014,1.0,8.0,,0.0,1.0,1.0,5.0,4.0,4.0
50268,2014,,,,,,,,,
50269,2014,1.0,4.0,2.0,0.0,0.0,1.0,3.0,1.0,5.0
50270,2014,1.0,5.0,,1.0,1.0,1.0,1.0,3.0,5.0
50271,2014,1.0,8.0,1.0,1.0,0.0,1.0,4.0,5.0,4.0
50272,2014,2.0,4.0,,1.0,1.0,1.0,4.0,2.0,4.0
50273,2014,2.0,4.0,1.0,1.0,1.0,1.0,4.0,5.0,4.0
50274,2014,2.0,8.0,,1.0,1.0,1.0,5.0,5.0,5.0
50275,2014,2.0,4.0,,1.0,1.0,1.0,4.0,4.0,4.0
50276,2014,2.0,8.0,,1.0,1.0,1.0,5.0,5.0,5.0
50277,2014,2.0,4.0,1.0,1.0,0.0,1.0,4.0,4.0,4.0
50278,2014,2.0,8.0,2.0,1.0,1.0,1.0,5.0,5.0,5.0
50279,2014,2.0,2.0,,1.0,1.0,1.0,2.0,2.0,2.0
50280,2014,2.0,4.0,1.0,1.0,1.0,1.0,2.0,2.0,5.0
50281,2014,2.0,4.0,0.0,0.0,0.0,1.0,2.0,3.0,2.0
50282,2014,2.0,8.0,2.0,0.0,1.0,0.0,2.0,1.0,5.0
50283,2014,2.0,8.0,1.0,1.0,1.0,1.0,4.0,5.0,4.0
50284,2014,2.0,3.0,,1.0,0.0,1.0,2.0,5.0,4.0
50285,2014,2.0,4.0,,1.0,1.0,1.0,3.0,3.0,3.0
50286,2014,2.0,3.0,1.0,1.0,1.0,1.0,1.0,3.0,4.0
50287,2014,2.0,5.0,,1.0,1.0,1.0,4.0,5.0,3.0
50288,2014,2.0,8.0,1.0,1.0,1.0,1.0,3.0,3.0,5.0
50289,2014,2.0,3.0,,1.0,1.0,1.0,3.0,2.0,5.0
50290,2014,2.0,4.0,1.0,1.0,1.0,1.0,4.0,2.0,4.0
50291,2014,2.0,4.0,1.0,1.0,1.0,1.0,3.0,4.0,4.0
50292,2014,2.0,4.0,1.0,1.0,1.0,1.0,3.0,5.0,4.0
50293,2014,2.0,4.0,2.0,1.0,1.0,1.0,2.0,5.0,4.0
50294,2014,2.0,2.0,2.0,0.0,1.0,1.0,2.0,4.0,4.0
50295,2014,2.0,3.0,,0.0,1.0,1.0,4.0,1.0,1.0
50296,2014,2.0,2.0,0.0,0.0,1.0,1.0,2.0,4.0,4.0
50297,2014,1.0,5.0,0.0,0.0,0.0,0.0,4.0,4.0,4.0
50298,2014,1.0,3.0,1.0,1.0,1.0,1.0,1.0,1.0,1.0
50299,2014,,3.0,,1.0,1.0,1.0,5.0,5.0,3.0
50300,2014,1.0,8.0,1.0,0.0,1.0,1.0,2.0,5.0,4.0
50301,2014,1.0,3.0,,1.0,1.0,1.0,2.0,2.0,5.0
50302,2014,1.0,4.0,1.0,1.0,1.0,1.0,2.0,4.0,5.0
50303,2014,2.0,8.0,,1.0,1.0,1.0,2.0,4.0,5.0
50304,2014,1.0,8.0,1.0,1.0,1.0,1.0,4.0,1.0,4.0
50305,2014,2.0,3.0,,1.0,0.0,1.0,5.0,5.0,1.0
50306,2014,1.0,8.0,,1.0,1.0,1.0,1.0,1.0,1.0
50307,2014,1.0,8.0,2.0,1.0,1.0,1.0,2.0,3.0,4.0
50308,2014,1.0,4.0,1.0,1.0,0.0,1.0,5.0,5.0,4.0
50309,2014,2.0,8.0,2.0,0.0,1.0,1.0,,,
50310,2014,1.0,6.0,,1.0,1.0,1.0,4.0,1.0,5.0
50311,2014,,,,,,,,,
50312,2014,1.0,3.0,0.0,0.0,1.0,1.0,2.0,3.0,4.0
50313,2014,1.0,3.0,1.0,1.0,1.0,1.0,3.0,3.0,4.0
50314,2014,2.0,8.0,,1.0,1.0,1.0,2.0,5.0,4.0
50315,2014,1.0,3.0,,1.0,0.0,1.0,3.0,3.0,1.0
50316,2014,1.0,8.0,1.0,1.0,1.0,1.0,5.0,5.0,5.0
50317,2014,1.0,3.0,,1.0,0.0,1.0,,,
50318,2014,1.0,1.0,1.0,0.0,1.0,0.0,1.0,4.0,3.0
50319,2014,2.0,8.0,2.0,1.0,1.0,1.0,1.0,1.0,5.0
50320,2014,2.0,8.0,1.0,0.0,0.0,1.0,1.0,5.0,5.0
50321,2014,1.0,3.0,2.0,1.0,1.0,1.0,2.0,3.0,4.0
50322,2014,1.0,2.0,,1.0,1.0,1.0,4.0,4.0,4.0
50323,2014,1.0,8.0,1.0,1.0,0.0,1.0,4.0,5.0,5.0
50324,2014,1.0,3.0,1.0,1.0,1.0,1.0,1.0,1.0,4.0
50325,2014,2.0,8.0,2.0,1.0,1.0,1.0,3.0,3.0,3.0
50326,2014,2.0,8.0,2.0,1.0,1.0,1.0,1.0,1.0,5.0
50327,2014,2.0,8.0,1.0,1.0,1.0,1.0,4.0,5.0,5.0
50328,2014,2.0,5.0,,1.0,0.0,1.0,4.0,4.0,4.0
50329,2014,2.0,3.0,1.0,1.0,1.0,1.0,3.0,5.0,3.0
50330,2014,2.0,4.0,1.0,0.0,1.0,1.0,4.0,4.0,4.0
50331,2014,2.0,3.0,2.0,1.0,0.0,1.0,2.0,1.0,5.0
50332,2014,2.0,4.0,1.0,1.0,1.0,1.0,2.0,1.0,4.0
50333,2014,2.0,2.0,2.0,1.0,1.0,1.0,4.0,3.0,4.0
50334,2014,2.0,4.0,1.0,1.0,1.0,1.0,1.0,1.0,5.0
50335,2014,2.0,4.0,,1.0,1.0,1.0,4.0,4.0,2.0
50336,2014,2.0,4.0,2.0,1.0,1.0,1.0,4.0,5.0,4.0
50337,2014,2.0,8.0,,1.0,1.0,1.0,1.0,1.0,5.0
50338,2014,1.0,6.0,1.0,1.0,1.0,1.0,1.0,1.0,4.0
50339,2014,2.0,3.0,2.0,1.0,1.0,1.0,4.0,2.0,4.0
50340,2014,2.0,3.0,,1.0,0.0,1.0,5.0,2.0,4.0
50341,2014,2.0,8.0,,1.0,1.0,1.0,4.0,2.0,4.0
50342,2014,2.0,8.0,,1.0,1.0,1.0,2.0,3.0,4.0
50343,2014,2.0,8.0,,0.0,0.0,1.0,,,
50344,2014,2.0,8.0,,1.0,1.0,1.0,3.0,3.0,3.0
50345,2014,2.0,3.0,,1.0,1.0,1.0,1.0,5.0,3.0
50346,2014,2.0,8.0,,1.0,1.0,1.0,3.0,3.0,3.0
50347,2014,1.0,3.0,2.0,1.0,1.0,1.0,1.0,1.0,5.0
50348,2014,2.0,3.0,,1.0,0.0,1.0,1.0,3.0,5.0
50349,2014,1.0,8.0,,1.0,0.0,1.0,5.0,4.0,4.0
50350,2014,2.0,8.0,,1.0,1.0,1.0,3.0,3.0,3.0
50351,2014,2.0,8.0,,1.0,1.0,1.0,1.0,2.0,4.0
50352,2014,1.0,2.0,1.0,1.0,1.0,1.0,4.0,4.0,5.0
50353,2014,2.0,3.0,0.0,0.0,1.0,0.0,5.0,4.0,1.0
50354,2014,1.0,3.0,,1.0,1.0,1.0,1.0,1.0,5.0
50355,2014,2.0,8.0,1.0,1.0,0.0,1.0,3.0,1.0,5.0
50356,2014,1.0,3.0,,1.0,1.0,1.0,2.0,3.0,4.0
50357,2014,1.0,3.0,2.0,1.0,1.0,1.0,1.0,1.0,4.0
50358,2014,1.0,1.0,,1.0,1.0,1.0,3.0,3.0,3.0
50359,2014,1.0,5.0,,1.0,1.0,1.0,2.0,5.0,5.0
50360,2014,1.0,4.0,2.0,0.0,0.0,1.0,4.0,2.0,4.0
50361,2014,1.0,8.0,,1.0,1.0,1.0,3.0,1.0,5.0
50362,2014,,8.0,,1.0,0.0,0.0,4.0,3.0,4.0
50363,2014,1.0,8.0,,0.0,1.0,0.0,3.0,3.0,3.0
50364,2014,2.0,5.0,2.0,1.0,1.0,1.0,4.0,1.0,4.0
50365,2014,2.0,3.0,,1.0,0.0,1.0,5.0,5.0,4.0
50366,2014,2.0,3.0,2.0,1.0,1.0,1.0,1.0,4.0,5.0
50367,2014,1.0,3.0,,1.0,1.0,1.0,3.0,3.0,4.0
50368,2014,1.0,8.0,0.0,0.0,0.0,1.0,5.0,1.0,5.0
50369,2014,1.0,2.0,,1.0,0.0,1.0,4.0,3.0,4.0
50370,2014,1.0,8.0,0.0,0.0,0.0,0.0,1.0,1.0,1.0
50371,2014,,8.0,,1.0,1.0,1.0,2.0,2.0,4.0
50372,2014,2.0,8.0,,1.0,1.0,1.0,4.0,5.0,4.0
50373,2014,1.0,3.0,,1.0,1.0,1.0,1.0,1.0,5.0
50374,2014,1.0,8.0,,0.0,0.0,1.0,3.0,3.0,3.0
50375,2014,2.0,3.0,,1.0,1.0,1.0,1.0,5.0,5.0
50376,2014,1.0,8.0,,0.0,0.0,1.0,2.0,4.0,4.0
50377,2014,2.0,3.0,2.0,1.0,1.0,1.0,1.0,1.0,5.0
50378,2014,1.0,2.0,,1.0,1.0,1.0,,,
50379,2014,1.0,8.0,2.0,1.0,0.0,1.0,,,
50380,2014,2.0,8.0,,1.0,0.0,1.0,,,
50381,2014,2.0,3.0,2.0,1.0,1.0,1.0,3.0,3.0,4.0
50382,2014,2.0,8.0,2.0,1.0,1.0,1.0,3.0,3.0,4.0
50383,2014,1.0,4.0,1.0,1.0,1.0,1.0,2.0,1.0,4.0
50384,2014,2.0,4.0,,1.0,1.0,1.0,2.0,3.0,3.0
50385,2014,2.0,8.0,0.0,0.0,1.0,1.0,4.0,5.0,4.0
50386,2014,1.0,2.0,1.0,1.0,1.0,1.0,2.0,1.0,4.0
50387,2014,1.0,2.0,1.0,1.0,1.0,1.0,3.0,1.0,4.0
50388,2014,1.0,4.0,,0.0,1.0,1.0,2.0,1.0,4.0
50389,2014,2.0,4.0,2.0,1.0,1.0,1.0,2.0,5.0,5.0
50390,2014,2.0,8.0,2.0,1.0,1.0,1.0,1.0,4.0,4.0
50391,2014,,3.0,1.0,1.0,1.0,1.0,1.0,1.0,5.0
50392,2014,2.0,3.0,1.0,0.0,1.0,1.0,2.0,4.0,4.0
50393,2014,2.0,8.0,1.0,1.0,1.0,1.0,1.0,1.0,5.0
50394,2014,1.0,2.0,,1.0,1.0,1.0,3.0,2.0,5.0
50395,2014,1.0,8.0,1.0,1.0,1.0,1.0,2.0,2.0,5.0
50396,2014,1.0,2.0,1.0,1.0,1.0,1.0,2.0,2.0,5.0
50397,2014,2.0,4.0,0.0,0.0,1.0,1.0,3.0,5.0,5.0
50398,2014,2.0,2.0,1.0,1.0,1.0,1.0,4.0,3.0,4.0
50399,2014,1.0,8.0,0.0,0.0,0.0,1.0,5.0,5.0,5.0
50400,2014,1.0,3.0,1.0,1.0,1.0,1.0,5.0,2.0,5.0
50401,2014,1.0,,0.0,0.0,0.0,1.0,1.0,1.0,5.0
50402,2014,2.0,4.0,0.0,0.0,1.0,1.0,5.0,5.0,4.0
50403,2014,2.0,3.0,0.0,0.0,1.0,1.0,4.0,4.0,4.0
50404,2014,2.0,2.0,0.0,0.0,1.0,1.0,1.0,1.0,5.0
50405,2014,1.0,3.0,1.0,1.0,1.0,0.0,1.0,1.0,4.0
50406,2014,2.0,1.0,,0.0,0.0,0.0,4.0,4.0,3.0
50407,2014,2.0,2.0,,1.0,1.0,1.0,4.0,3.0,3.0
50408,2014,2.0,2.0,0.0,0.0,1.0,1.0,3.0,4.0,4.0
50409,2014,2.0,6.0,,1.0,1.0,1.0,1.0,5.0,5.0
50410,2014,,8.0,2.0,0.0,1.0,1.0,1.0,1.0,5.0
50411,2014,2.0,4.0,1.0,1.0,0.0,1.0,1.0,2.0,4.0
50412,2014,2.0,3.0,,1.0,1.0,1.0,3.0,5.0,5.0
50413,2014,1.0,4.0,,1.0,1.0,1.0,3.0,2.0,5.0
50414,2014,2.0,2.0,1.0,1.0,1.0,1.0,,,
50415,2014,1.0,4.0,2.0,1.0,1.0,1.0,1.0,1.0,5.0
50416,2014,1.0,3.0,1.0,0.0,1.0,1.0,2.0,3.0,
50417,2014,1.0,8.0,,1.0,0.0,1.0,1.0,1.0,5.0
50418,2014,1.0,8.0,0.0,0.0,1.0,1.0,5.0,1.0,4.0
50419,2014,2.0,3.0,,1.0,0.0,0.0,4.0,4.0,5.0
50420,2014,2.0,3.0,,0.0,1.0,1.0,3.0,3.0,5.0
50421,2014,2.0,3.0,,1.0,1.0,1.0,1.0,1.0,5.0
50422,2014,2.0,8.0,1.0,0.0,1.0,0.0,5.0,5.0,5.0
50423,2014,1.0,1.0,,1.0,0.0,1.0,4.0,4.0,1.0
50424,2014,2.0,8.0,,1.0,1.0,1.0,1.0,1.0,5.0
50425,2014,2.0,8.0,0.0,0.0,0.0,1.0,4.0,4.0,1.0
50426,2014,1.0,,,,,,,,
50427,2014,1.0,2.0,1.0,1.0,1.0,1.0,,,
50428,2014,1.0,8.0,2.0,1.0,1.0,1.0,1.0,1.0,5.0
50429,2014,2.0,8.0,1.0,1.0,0.0,1.0,2.0,4.0,4.0
50430,2014,2.0,4.0,,0.0,0.0,0.0,2.0,5.0,3.0
50431,2014,1.0,3.0,1.0,1.0,1.0,1.0,,,
50432,2014,1.0,8.0,0.0,0.0,0.0,1.0,,,
50433,2014,2.0,8.0,0.0,0.0,0.0,1.0,2.0,,
50434,2014,,,,,,,,,
50435,2014,1.0,8.0,2.0,1.0,1.0,1.0,4.0,5.0,4.0
50436,2014,2.0,5.0,2.0,1.0,0.0,1.0,,,
50437,2014,2.0,3.0,,1.0,1.0,1.0,3.0,4.0,3.0
50438,2014,2.0,6.0,0.0,0.0,0.0,0.0,1.0,,1.0
50439,2014,1.0,8.0,2.0,1.0,1.0,1.0,2.0,2.0,4.0
50440,2014,2.0,8.0,,0.0,0.0,1.0,5.0,4.0,3.0
50441,2014,1.0,8.0,1.0,1.0,0.0,1.0,1.0,4.0,4.0
50442,2014,1.0,4.0,2.0,0.0,1.0,1.0,,,
50443,2014,1.0,3.0,1.0,1.0,0.0,1.0,3.0,4.0,5.0
50444,2014,2.0,8.0,1.0,1.0,1.0,1.0,3.0,3.0,4.0
50445,2014,1.0,8.0,1.0,1.0,1.0,1.0,3.0,1.0,1.0
50446,2014,2.0,8.0,,1.0,1.0,1.0,3.0,2.0,4.0
50447,2014,1.0,8.0,,1.0,1.0,1.0,1.0,3.0,4.0
50448,2014,,,,,,,1.0,1.0,2.0
50449,2014,2.0,8.0,,1.0,1.0,1.0,4.0,1.0,4.0
50450,2014,2.0,8.0,1.0,0.0,0.0,1.0,2.0,3.0,4.0
50451,2014,1.0,8.0,1.0,1.0,1.0,1.0,3.0,3.0,3.0
50452,2014,1.0,8.0,2.0,0.0,1.0,1.0,1.0,2.0,5.0
50453,2014,1.0,5.0,,1.0,1.0,1.0,4.0,2.0,4.0
50454,2014,,,,,,,2.0,5.0,5.0
50455,2014,2.0,4.0,2.0,1.0,1.0,1.0,2.0,1.0,5.0
50456,2014,1.0,2.0,2.0,1.0,1.0,1.0,3.0,4.0,4.0
50457,2014,,,,,,,,,
50458,2014,1.0,2.0,,1.0,1.0,1.0,1.0,2.0,4.0
50459,2014,2.0,4.0,2.0,1.0,1.0,1.0,4.0,2.0,4.0
50460,2014,,,,,,,,,
50461,2014,2.0,4.0,1.0,1.0,1.0,1.0,3.0,3.0,5.0
50462,2014,2.0,8.0,1.0,1.0,1.0,1.0,1.0,1.0,4.0
50463,2014,1.0,8.0,2.0,1.0,1.0,1.0,1.0,1.0,5.0
50464,2014,1.0,8.0,1.0,1.0,1.0,1.0,1.0,2.0,5.0
50465,2014,2.0,5.0,2.0,0.0,1.0,1.0,5.0,5.0,5.0
50466,2014,1.0,4.0,1.0,0.0,1.0,1.0,2.0,2.0,5.0
50467,2014,1.0,2.0,1.0,0.0,1.0,1.0,4.0,4.0,4.0
50468,2014,2.0,3.0,1.0,1.0,1.0,1.0,4.0,4.0,5.0
50469,2014,2.0,4.0,2.0,1.0,0.0,1.0,5.0,4.0,4.0
50470,2014,1.0,8.0,1.0,1.0,1.0,1.0,1.0,1.0,5.0
50471,2014,1.0,4.0,0.0,0.0,1.0,1.0,3.0,3.0,4.0
50472,2014,2.0,8.0,0.0,0.0,0.0,1.0,1.0,4.0,5.0
50473,2014,2.0,3.0,1.0,0.0,1.0,1.0,2.0,1.0,5.0
50474,2014,1.0,3.0,1.0,0.0,1.0,1.0,2.0,5.0,5.0
50475,2014,2.0,3.0,1.0,1.0,0.0,1.0,4.0,4.0,4.0
50476,2014,2.0,4.0,0.0,0.0,1.0,1.0,4.0,5.0,3.0
50477,2014,2.0,8.0,2.0,1.0,1.0,1.0,,,
50478,2014,1.0,3.0,0.0,0.0,1.0,1.0,3.0,2.0,2.0
50479,2014,2.0,3.0,,1.0,0.0,1.0,4.0,4.0,5.0
50480,2014,1.0,6.0,,1.0,1.0,1.0,4.0,4.0,4.0
50481,2014,2.0,5.0,2.0,0.0,0.0,1.0,5.0,5.0,3.0
50482,2014,2.0,8.0,,1.0,0.0,1.0,2.0,5.0,1.0
50483,2014,2.0,3.0,,1.0,1.0,1.0,1.0,1.0,5.0
50484,2014,1.0,8.0,2.0,1.0,1.0,1.0,4.0,4.0,3.0
50485,2014,1.0,5.0,2.0,1.0,1.0,1.0,3.0,4.0,3.0
50486,2014,1.0,8.0,1.0,0.0,1.0,1.0,5.0,,4.0
50487,2014,1.0,3.0,,0.0,0.0,1.0,,,
50488,2014,1.0,8.0,2.0,0.0,1.0,1.0,4.0,5.0,5.0
50489,2014,1.0,2.0,,1.0,1.0,1.0,2.0,3.0,4.0
50490,2014,1.0,4.0,1.0,1.0,1.0,1.0,3.0,5.0,2.0
50491,2014,2.0,8.0,,1.0,0.0,1.0,5.0,3.0,3.0
50492,2014,1.0,1.0,2.0,1.0,1.0,1.0,1.0,2.0,5.0
50493,2014,2.0,5.0,2.0,1.0,0.0,1.0,4.0,5.0,4.0
50494,2014,2.0,8.0,2.0,1.0,1.0,1.0,5.0,2.0,4.0
50495,2014,1.0,5.0,,0.0,0.0,1.0,2.0,1.0,4.0
50496,2014,2.0,8.0,2.0,0.0,0.0,0.0,4.0,4.0,4.0
50497,2014,2.0,4.0,,1.0,1.0,1.0,3.0,3.0,4.0
50498,2014,1.0,8.0,,1.0,1.0,1.0,1.0,1.0,5.0
50499,2014,1.0,3.0,,1.0,1.0,1.0,2.0,2.0,4.0
50500,2014,2.0,8.0,2.0,1.0,0.0,1.0,1.0,2.0,4.0
50501,2014,2.0,8.0,2.0,1.0,0.0,1.0,4.0,5.0,4.0
50502,2014,,,,,,,,,
50503,2014,2.0,8.0,,0.0,0.0,1.0,,,
50504,2014,2.0,8.0,,1.0,1.0,1.0,1.0,2.0,5.0
50505,2014,2.0,8.0,,1.0,0.0,1.0,1.0,1.0,5.0
50506,2014,2.0,8.0,,1.0,1.0,1.0,1.0,1.0,5.0
50507,2014,1.0,3.0,2.0,1.0,1.0,1.0,4.0,4.0,5.0
50508,2014,1.0,4.0,0.0,0.0,0.0,1.0,5.0,5.0,5.0
50509,2014,1.0,8.0,,1.0,0.0,1.0,3.0,3.0,3.0
50510,2014,1.0,3.0,1.0,1.0,1.0,1.0,1.0,1.0,3.0
50511,2014,1.0,3.0,2.0,0.0,1.0,1.0,3.0,3.0,4.0
50512,2014,1.0,3.0,,0.0,0.0,1.0,4.0,5.0,5.0
50513,2014,1.0,3.0,2.0,1.0,1.0,1.0,4.0,2.0,4.0
50514,2014,1.0,3.0,,1.0,0.0,1.0,2.0,1.0,5.0
50515,2014,2.0,8.0,1.0,1.0,0.0,1.0,1.0,2.0,5.0
50516,2014,2.0,3.0,,1.0,1.0,1.0,1.0,1.0,4.0
50517,2014,1.0,8.0,,0.0,0.0,1.0,2.0,4.0,4.0
50518,2014,2.0,3.0,,1.0,1.0,1.0,4.0,3.0,4.0
50519,2014,1.0,8.0,,1.0,1.0,1.0,1.0,1.0,5.0
50520,2014,1.0,3.0,2.0,1.0,1.0,1.0,3.0,3.0,3.0
50521,2014,1.0,3.0,2.0,1.0,1.0,1.0,1.0,1.0,
50522,2014,,4.0,,1.0,1.0,1.0,1.0,1.0,4.0
50523,2014,2.0,3.0,0.0,0.0,0.0,1.0,1.0,5.0,4.0
50524,2014,2.0,8.0,,0.0,1.0,1.0,5.0,3.0,4.0
50525,2014,2.0,4.0,,1.0,1.0,1.0,1.0,1.0,4.0
50526,2014,2.0,8.0,1.0,1.0,1.0,1.0,1.0,1.0,5.0
50527,2014,2.0,8.0,,1.0,0.0,1.0,2.0,4.0,3.0
50528,2014,1.0,4.0,,0.0,1.0,0.0,5.0,5.0,2.0
50529,2014,1.0,2.0,1.0,1.0,1.0,1.0,,,
50530,2014,2.0,4.0,,1.0,0.0,0.0,4.0,4.0,3.0
50531,2014,2.0,8.0,,0.0,0.0,1.0,,,
50532,2014,2.0,8.0,,1.0,1.0,0.0,4.0,4.0,2.0
50533,2014,1.0,4.0,,1.0,0.0,1.0,2.0,2.0,5.0
50534,2014,2.0,8.0,1.0,1.0,1.0,1.0,3.0,4.0,4.0
50535,2014,2.0,8.0,,0.0,0.0,0.0,1.0,1.0,4.0
50536,2014,2.0,8.0,1.0,1.0,1.0,1.0,2.0,2.0,4.0
50537,2014,2.0,8.0,,1.0,1.0,1.0,1.0,4.0,5.0
50538,2014,2.0,3.0,1.0,1.0,1.0,1.0,4.0,5.0,4.0
50539,2014,2.0,3.0,0.0,0.0,1.0,1.0,2.0,4.0,4.0
50540,2014,1.0,3.0,1.0,1.0,1.0,1.0,4.0,3.0,5.0
50541,2014,2.0,3.0,,1.0,1.0,1.0,3.0,5.0,4.0
50542,2014,2.0,3.0,0.0,0.0,1.0,1.0,1.0,1.0,5.0
50543,2014,1.0,3.0,1.0,1.0,0.0,1.0,3.0,1.0,1.0
50544,2014,2.0,2.0,1.0,0.0,0.0,0.0,1.0,2.0,3.0
50545,2014,2.0,8.0,,0.0,1.0,1.0,2.0,3.0,4.0
50546,2014,2.0,8.0,1.0,1.0,1.0,1.0,4.0,5.0,4.0
50547,2014,2.0,2.0,1.0,1.0,1.0,1.0,4.0,5.0,4.0
50548,2014,2.0,5.0,1.0,0.0,1.0,1.0,4.0,4.0,4.0
50549,2014,2.0,3.0,1.0,1.0,1.0,1.0,4.0,3.0,4.0
50550,2014,2.0,4.0,1.0,1.0,1.0,1.0,2.0,2.0,5.0
50551,2014,2.0,5.0,1.0,1.0,0.0,1.0,4.0,1.0,1.0
50552,2014,1.0,4.0,2.0,0.0,0.0,1.0,3.0,5.0,5.0
50553,2014,1.0,4.0,2.0,1.0,0.0,1.0,4.0,5.0,1.0
50554,2014,2.0,3.0,,1.0,0.0,1.0,5.0,2.0,5.0
50555,2014,2.0,4.0,2.0,0.0,1.0,1.0,5.0,1.0,5.0
50556,2014,1.0,4.0,,1.0,1.0,1.0,,,
50557,2014,2.0,8.0,,0.0,1.0,1.0,1.0,2.0,4.0
50558,2014,2.0,,0.0,,,,,,
50559,2014,1.0,3.0,1.0,1.0,1.0,0.0,1.0,1.0,2.0
50560,2014,1.0,3.0,,0.0,1.0,0.0,1.0,2.0,5.0
50561,2014,1.0,8.0,2.0,1.0,1.0,1.0,1.0,2.0,5.0
50562,2014,1.0,8.0,,1.0,1.0,1.0,2.0,1.0,4.0
50563,2014,1.0,,,,,,1.0,3.0,5.0
50564,2014,2.0,8.0,,0.0,0.0,1.0,4.0,4.0,4.0
50565,2014,1.0,8.0,2.0,0.0,0.0,1.0,5.0,5.0,4.0
50566,2014,1.0,3.0,,0.0,0.0,1.0,,,
50567,2014,2.0,1.0,2.0,0.0,0.0,1.0,4.0,5.0,4.0
50568,2014,1.0,8.0,1.0,1.0,1.0,1.0,3.0,4.0,5.0
50569,2014,2.0,8.0,1.0,1.0,0.0,1.0,2.0,2.0,2.0
50570,2014,1.0,2.0,0.0,0.0,1.0,1.0,2.0,5.0,2.0
50571,2014,2.0,3.0,,1.0,1.0,0.0,2.0,3.0,4.0
50572,2014,1.0,3.0,1.0,0.0,1.0,1.0,3.0,3.0,5.0
50573,2014,2.0,8.0,2.0,1.0,1.0,1.0,5.0,5.0,2.0
50574,2014,2.0,4.0,2.0,1.0,1.0,1.0,2.0,4.0,2.0
50575,2014,1.0,3.0,,1.0,0.0,1.0,1.0,2.0,1.0
50576,2014,2.0,8.0,,1.0,1.0,1.0,2.0,4.0,4.0
50577,2014,1.0,3.0,0.0,0.0,1.0,1.0,4.0,4.0,4.0
50578,2014,2.0,8.0,2.0,0.0,0.0,1.0,3.0,4.0,4.0
50579,2014,1.0,2.0,,1.0,0.0,1.0,1.0,2.0,5.0
50580,2014,2.0,2.0,2.0,1.0,0.0,1.0,2.0,2.0,5.0
50581,2014,2.0,8.0,1.0,1.0,1.0,1.0,2.0,,
50582,2014,1.0,2.0,2.0,1.0,0.0,0.0,1.0,4.0,5.0
50583,2014,1.0,8.0,2.0,1.0,1.0,1.0,1.0,2.0,5.0
50584,2014,,,2.0,1.0,1.0,1.0,1.0,,
50585,2014,1.0,2.0,1.0,0.0,0.0,1.0,1.0,2.0,2.0
50586,2014,1.0,8.0,1.0,1.0,1.0,1.0,2.0,3.0,2.0
50587,2014,1.0,8.0,,0.0,0.0,0.0,1.0,1.0,1.0
50588,2014,2.0,8.0,,1.0,1.0,1.0,4.0,4.0,4.0
50589,2014,2.0,8.0,1.0,1.0,1.0,1.0,,,
50590,2014,1.0,8.0,,0.0,0.0,1.0,1.0,1.0,5.0
50591,2014,1.0,8.0,0.0,0.0,1.0,1.0,1.0,3.0,5.0
50592,2014,1.0,1.0,0.0,0.0,0.0,1.0,4.0,5.0,5.0
50593,2014,1.0,5.0,,0.0,0.0,0.0,5.0,5.0,5.0
50594,2014,2.0,3.0,,1.0,0.0,1.0,1.0,4.0,4.0
50595,2014,1.0,4.0,,0.0,1.0,0.0,3.0,3.0,3.0
50596,2014,1.0,4.0,,1.0,1.0,1.0,3.0,2.0,2.0
50597,2014,2.0,2.0,,1.0,1.0,1.0,1.0,2.0,4.0
50598,2014,1.0,3.0,1.0,0.0,1.0,1.0,4.0,4.0,4.0
50599,2014,2.0,8.0,1.0,0.0,1.0,0.0,3.0,3.0,3.0
50600,2014,2.0,6.0,,1.0,1.0,1.0,3.0,2.0,4.0
50601,2014,2.0,2.0,1.0,1.0,1.0,1.0,1.0,5.0,4.0
50602,2014,2.0,8.0,1.0,1.0,1.0,1.0,3.0,4.0,4.0
50603,2014,2.0,3.0,,1.0,1.0,0.0,2.0,2.0,2.0
50604,2014,1.0,8.0,2.0,0.0,0.0,1.0,3.0,4.0,4.0
50605,2014,,,,,,,,,
50606,2014,2.0,8.0,2.0,1.0,1.0,0.0,1.0,1.0,5.0
50607,2014,1.0,4.0,,0.0,0.0,0.0,2.0,3.0,4.0
50608,2014,2.0,3.0,,1.0,1.0,1.0,2.0,4.0,4.0
50609,2014,,,,,,,,,
50610,2014,1.0,3.0,,1.0,1.0,1.0,5.0,5.0,2.0
50611,2014,2.0,8.0,,1.0,1.0,1.0,2.0,2.0,3.0
50612,2014,1.0,,,,,,,,
50613,2014,1.0,,,0.0,0.0,0.0,,,
50614,2014,2.0,8.0,,0.0,0.0,1.0,3.0,5.0,4.0
50615,2014,2.0,8.0,1.0,0.0,0.0,1.0,4.0,1.0,5.0
50616,2014,2.0,2.0,2.0,1.0,1.0,1.0,3.0,3.0,3.0
50617,2014,1.0,3.0,,1.0,1.0,1.0,3.0,1.0,4.0
50618,2014,1.0,2.0,,1.0,1.0,1.0,2.0,1.0,5.0
50619,2014,2.0,8.0,2.0,1.0,0.0,1.0,3.0,5.0,4.0
50620,2014,1.0,8.0,,0.0,0.0,1.0,,,
50621,2014,2.0,1.0,2.0,1.0,1.0,1.0,4.0,5.0,5.0
50622,2014,1.0,4.0,,,,,5.0,5.0,1.0
50623,2014,2.0,8.0,1.0,1.0,1.0,1.0,1.0,1.0,1.0
50624,2014,1.0,8.0,,1.0,1.0,1.0,3.0,3.0,3.0
50625,2014,2.0,8.0,1.0,1.0,0.0,1.0,3.0,3.0,4.0
50626,2014,,,,,,,,,
50627,2014,2.0,1.0,,1.0,1.0,1.0,4.0,5.0,4.0
50628,2014,2.0,3.0,,0.0,0.0,1.0,3.0,5.0,5.0
50629,2014,2.0,8.0,,0.0,0.0,1.0,1.0,1.0,5.0
50630,2014,1.0,8.0,1.0,0.0,1.0,1.0,,,
50631,2014,2.0,4.0,2.0,1.0,1.0,1.0,1.0,2.0,5.0
50632,2014,1.0,3.0,2.0,1.0,1.0,1.0,1.0,5.0,5.0
50633,2014,1.0,1.0,2.0,1.0,1.0,1.0,1.0,1.0,1.0
50634,2014,1.0,2.0,,0.0,1.0,1.0,5.0,4.0,4.0
50635,2014,2.0,8.0,2.0,1.0,1.0,1.0,1.0,1.0,3.0
50636,2014,2.0,8.0,2.0,0.0,1.0,1.0,4.0,1.0,1.0
50637,2014,1.0,8.0,,1.0,1.0,1.0,3.0,4.0,5.0
50638,2014,1.0,8.0,2.0,1.0,1.0,1.0,5.0,5.0,5.0
50639,2014,1.0,5.0,,1.0,1.0,1.0,4.0,1.0,5.0
50640,2014,2.0,8.0,1.0,0.0,1.0,1.0,5.0,5.0,4.0
50641,2014,1.0,1.0,,0.0,0.0,0.0,1.0,1.0,4.0
50642,2014,2.0,3.0,,1.0,1.0,1.0,1.0,1.0,1.0
50643,2014,1.0,2.0,2.0,1.0,0.0,1.0,2.0,5.0,5.0
50644,2014,1.0,8.0,,1.0,1.0,1.0,1.0,5.0,5.0
50645,2014,1.0,3.0,,0.0,0.0,0.0,1.0,2.0,2.0
50646,2014,2.0,4.0,,1.0,0.0,0.0,4.0,5.0,2.0
50647,2014,1.0,3.0,1.0,0.0,1.0,1.0,2.0,3.0,4.0
50648,2014,1.0,4.0,,1.0,1.0,1.0,1.0,1.0,5.0
50649,2014,1.0,3.0,1.0,1.0,1.0,1.0,5.0,5.0,3.0
50650,2014,1.0,3.0,2.0,1.0,1.0,1.0,2.0,5.0,5.0
50651,2014,2.0,5.0,1.0,1.0,1.0,1.0,4.0,3.0,4.0
50652,2014,2.0,8.0,2.0,1.0,1.0,1.0,4.0,4.0,2.0
50653,2014,2.0,3.0,,1.0,1.0,1.0,2.0,3.0,4.0
50654,2014,2.0,2.0,2.0,1.0,1.0,1.0,1.0,1.0,5.0
50655,2014,2.0,4.0,1.0,1.0,0.0,1.0,1.0,5.0,5.0
50656,2014,2.0,4.0,,0.0,1.0,0.0,1.0,1.0,5.0
50657,2014,2.0,4.0,0.0,0.0,1.0,1.0,1.0,,
50658,2014,1.0,5.0,,1.0,1.0,1.0,1.0,1.0,4.0
50659,2014,2.0,2.0,2.0,1.0,1.0,1.0,5.0,5.0,4.0
50660,2014,2.0,3.0,,0.0,0.0,1.0,2.0,5.0,2.0
50661,2014,2.0,3.0,2.0,1.0,1.0,1.0,4.0,5.0,4.0
50662,2014,1.0,8.0,2.0,1.0,1.0,1.0,4.0,3.0,4.0
50663,2014,2.0,4.0,,1.0,1.0,1.0,,,
50664,2014,2.0,5.0,1.0,1.0,1.0,1.0,3.0,2.0,4.0
50665,2014,2.0,4.0,2.0,1.0,1.0,1.0,3.0,1.0,5.0
50666,2014,2.0,3.0,,1.0,1.0,1.0,4.0,3.0,3.0
50667,2014,1.0,4.0,1.0,1.0,1.0,1.0,2.0,4.0,4.0
50668,2014,2.0,8.0,2.0,1.0,0.0,1.0,3.0,3.0,3.0
50669,2014,2.0,8.0,2.0,1.0,1.0,1.0,1.0,2.0,3.0
50670,2014,1.0,3.0,,0.0,0.0,1.0,2.0,3.0,1.0
50671,2014,1.0,8.0,,0.0,1.0,0.0,1.0,1.0,4.0
50672,2014,2.0,8.0,0.0,0.0,0.0,1.0,2.0,1.0,5.0
50673,2014,2.0,4.0,,1.0,0.0,1.0,1.0,1.0,5.0
50674,2014,1.0,8.0,,1.0,1.0,1.0,4.0,5.0,2.0
50675,2014,1.0,3.0,1.0,1.0,1.0,1.0,4.0,3.0,4.0
50676,2014,2.0,4.0,0.0,1.0,1.0,1.0,2.0,2.0,3.0
50677,2014,2.0,8.0,,1.0,0.0,0.0,4.0,3.0,4.0
50678,2014,1.0,8.0,2.0,1.0,1.0,1.0,5.0,4.0,3.0
50679,2014,1.0,8.0,,1.0,1.0,1.0,,,
50680,2014,1.0,8.0,2.0,0.0,1.0,1.0,5.0,5.0,3.0
50681,2014,2.0,2.0,2.0,1.0,1.0,1.0,2.0,3.0,4.0
50682,2014,,,,,,,,,
50683,2014,2.0,8.0,,1.0,1.0,1.0,4.0,4.0,2.0
50684,2014,2.0,8.0,,1.0,0.0,1.0,3.0,2.0,4.0
50685,2014,2.0,8.0,,1.0,1.0,0.0,2.0,1.0,5.0
50686,2014,1.0,8.0,1.0,1.0,1.0,1.0,1.0,1.0,5.0
50687,2014,1.0,4.0,1.0,0.0,1.0,1.0,2.0,2.0,4.0
50688,2014,2.0,3.0,2.0,0.0,1.0,1.0,2.0,2.0,4.0
50689,2014,2.0,8.0,,1.0,0.0,1.0,4.0,5.0,5.0
50690,2014,2.0,8.0,,1.0,1.0,1.0,2.0,3.0,2.0
50691,2014,2.0,8.0,,0.0,1.0,1.0,1.0,5.0,4.0
50692,2014,2.0,8.0,2.0,1.0,0.0,1.0,1.0,3.0,5.0
50693,2014,1.0,8.0,2.0,1.0,1.0,0.0,3.0,2.0,5.0
50694,2014,1.0,8.0,1.0,0.0,1.0,1.0,1.0,1.0,5.0
50695,2014,2.0,4.0,2.0,0.0,1.0,1.0,5.0,5.0,4.0
50696,2014,2.0,8.0,,1.0,1.0,1.0,4.0,4.0,4.0
50697,2014,1.0,8.0,1.0,0.0,0.0,1.0,2.0,2.0,4.0
50698,2014,2.0,8.0,,1.0,1.0,1.0,3.0,4.0,4.0
50699,2014,2.0,4.0,,1.0,1.0,1.0,4.0,5.0,2.0
50700,2014,2.0,,2.0,1.0,0.0,1.0,3.0,2.0,2.0
50701,2014,1.0,1.0,,0.0,0.0,0.0,1.0,3.0,3.0
50702,2014,1.0,1.0,1.0,1.0,1.0,1.0,3.0,3.0,3.0
50703,2014,2.0,8.0,2.0,0.0,1.0,1.0,5.0,5.0,5.0
50704,2014,,,,,,,,,
50705,2014,1.0,8.0,,1.0,1.0,1.0,,,
50706,2014,1.0,3.0,,1.0,1.0,0.0,4.0,4.0,4.0
50707,2014,1.0,,,1.0,1.0,1.0,5.0,1.0,1.0
50708,2014,1.0,2.0,,1.0,1.0,1.0,,,
50709,2014,2.0,8.0,2.0,1.0,1.0,1.0,1.0,2.0,5.0
50710,2014,,,,,,,,,
50711,2014,2.0,4.0,,1.0,1.0,1.0,5.0,5.0,4.0
50712,2014,1.0,4.0,1.0,1.0,1.0,1.0,1.0,4.0,5.0
50713,2014,1.0,3.0,,1.0,1.0,1.0,,,
50714,2014,2.0,4.0,,1.0,1.0,0.0,5.0,5.0,1.0
50715,2014,2.0,2.0,1.0,1.0,1.0,1.0,4.0,3.0,3.0
50716,2014,1.0,4.0,,0.0,0.0,1.0,4.0,3.0,4.0
50717,2014,1.0,,,0.0,1.0,1.0,5.0,4.0,1.0
50718,2014,1.0,2.0,2.0,1.0,1.0,1.0,2.0,1.0,5.0
50719,2014,1.0,2.0,2.0,1.0,1.0,1.0,2.0,2.0,5.0
50720,2014,1.0,5.0,2.0,1.0,0.0,1.0,4.0,4.0,5.0
50721,2014,1.0,8.0,,0.0,0.0,1.0,4.0,5.0,4.0
50722,2014,2.0,8.0,2.0,1.0,1.0,1.0,4.0,1.0,4.0
50723,2014,1.0,3.0,,1.0,1.0,1.0,4.0,4.0,4.0
50724,2014,1.0,4.0,1.0,1.0,1.0,1.0,2.0,3.0,4.0
50725,2014,1.0,8.0,1.0,1.0,1.0,1.0,4.0,3.0,2.0
50726,2014,1.0,2.0,1.0,1.0,1.0,1.0,4.0,4.0,3.0
50727,2014,1.0,8.0,1.0,0.0,1.0,1.0,4.0,5.0,4.0
50728,2014,,,,,,,,,
50729,2014,1.0,8.0,,0.0,0.0,1.0,1.0,3.0,3.0
50730,2014,1.0,3.0,,0.0,0.0,0.0,4.0,1.0,5.0
50731,2014,,,,,,,,,
50732,2014,1.0,8.0,,1.0,0.0,1.0,1.0,2.0,5.0
50733,2014,2.0,,2.0,,,,,,
50734,2014,1.0,8.0,,1.0,0.0,1.0,5.0,1.0,3.0
50735,2014,,,,,,,,,
50736,2014,1.0,8.0,1.0,1.0,1.0,1.0,1.0,2.0,5.0
50737,2014,2.0,8.0,2.0,1.0,1.0,1.0,4.0,4.0,5.0
50738,2014,1.0,4.0,,1.0,1.0,1.0,1.0,1.0,5.0
50739,2014,1.0,4.0,1.0,1.0,0.0,1.0,5.0,4.0,1.0
50740,2014,2.0,3.0,2.0,1.0,1.0,1.0,4.0,4.0,4.0
50741,2014,2.0,3.0,1.0,1.0,1.0,1.0,2.0,3.0,4.0
50742,2014,2.0,8.0,,1.0,1.0,1.0,4.0,5.0,4.0
50743,2014,1.0,3.0,,1.0,1.0,1.0,2.0,2.0,4.0
50744,2014,1.0,3.0,,1.0,1.0,1.0,1.0,1.0,5.0
50745,2014,1.0,4.0,,1.0,1.0,1.0,2.0,2.0,4.0
50746,2014,1.0,3.0,,1.0,0.0,1.0,5.0,3.0,5.0
50747,2014,1.0,4.0,,1.0,1.0,1.0,2.0,2.0,4.0
50748,2014,1.0,2.0,1.0,1.0,0.0,1.0,3.0,2.0,4.0
50749,2014,1.0,8.0,2.0,1.0,0.0,1.0,4.0,2.0,4.0
50750,2014,2.0,4.0,2.0,1.0,1.0,1.0,,,
50751,2014,2.0,4.0,,1.0,1.0,1.0,3.0,1.0,3.0
50752,2014,1.0,2.0,1.0,1.0,1.0,1.0,1.0,1.0,5.0
50753,2014,2.0,4.0,,1.0,1.0,1.0,2.0,1.0,4.0
50754,2014,2.0,2.0,,1.0,0.0,1.0,4.0,2.0,5.0
50755,2014,2.0,3.0,1.0,1.0,1.0,1.0,5.0,5.0,3.0
50756,2014,1.0,8.0,,1.0,1.0,1.0,3.0,3.0,3.0
50757,2014,2.0,3.0,,1.0,1.0,1.0,4.0,2.0,2.0
50758,2014,2.0,3.0,2.0,1.0,1.0,1.0,3.0,5.0,4.0
50759,2014,2.0,4.0,,1.0,0.0,1.0,4.0,3.0,5.0
50760,2014,1.0,4.0,1.0,1.0,1.0,1.0,3.0,5.0,2.0
50761,2014,1.0,5.0,1.0,1.0,1.0,1.0,2.0,2.0,4.0
50762,2014,2.0,4.0,,1.0,0.0,1.0,2.0,4.0,2.0
50763,2014,2.0,4.0,,1.0,0.0,1.0,4.0,3.0,4.0
50764,2014,,,,,,,,,
50765,2014,2.0,4.0,,1.0,1.0,1.0,5.0,5.0,4.0
50766,2014,2.0,8.0,,1.0,0.0,1.0,4.0,4.0,4.0
50767,2014,2.0,4.0,,1.0,1.0,1.0,3.0,4.0,5.0
50768,2014,1.0,8.0,,0.0,0.0,1.0,5.0,5.0,5.0
50769,2014,,4.0,0.0,0.0,0.0,1.0,1.0,1.0,5.0
50770,2014,2.0,8.0,,1.0,1.0,1.0,3.0,3.0,3.0
50771,2014,1.0,3.0,,1.0,1.0,1.0,1.0,1.0,1.0
50772,2014,2.0,3.0,,1.0,1.0,1.0,2.0,4.0,5.0
50773,2014,2.0,8.0,,1.0,0.0,0.0,4.0,4.0,5.0
50774,2014,2.0,8.0,,1.0,0.0,1.0,,,
50775,2014,2.0,2.0,,1.0,0.0,1.0,5.0,2.0,4.0
50776,2014,1.0,8.0,2.0,1.0,1.0,1.0,3.0,4.0,3.0
50777,2014,1.0,4.0,,1.0,1.0,1.0,1.0,1.0,1.0
50778,2014,1.0,8.0,0.0,0.0,1.0,1.0,3.0,3.0,3.0
50779,2014,1.0,4.0,2.0,1.0,1.0,1.0,4.0,2.0,5.0
50780,2014,2.0,4.0,,1.0,1.0,0.0,5.0,5.0,5.0
50781,2014,2.0,5.0,,1.0,1.0,1.0,4.0,5.0,5.0
50782,2014,1.0,4.0,1.0,1.0,1.0,1.0,2.0,4.0,4.0
50783,2014,1.0,4.0,,1.0,1.0,1.0,2.0,2.0,4.0
50784,2014,2.0,3.0,1.0,0.0,0.0,1.0,1.0,1.0,5.0
50785,2014,2.0,,,1.0,1.0,1.0,4.0,4.0,4.0
50786,2014,2.0,,,,,,,,
50787,2014,2.0,3.0,,1.0,1.0,1.0,,,
50788,2014,2.0,2.0,,1.0,1.0,1.0,,,
50789,2014,2.0,8.0,1.0,1.0,1.0,1.0,1.0,1.0,5.0
50790,2014,2.0,8.0,,0.0,0.0,0.0,2.0,1.0,5.0
50791,2014,2.0,8.0,,0.0,0.0,1.0,4.0,4.0,4.0
50792,2014,2.0,8.0,,1.0,1.0,1.0,3.0,3.0,4.0
50793,2014,2.0,4.0,,1.0,1.0,1.0,5.0,2.0,5.0
50794,2014,2.0,8.0,2.0,1.0,1.0,1.0,1.0,1.0,1.0
50795,2014,,1.0,,1.0,0.0,1.0,4.0,5.0,2.0
50796,2014,,,,,,,,,
50797,2014,2.0,3.0,,1.0,1.0,1.0,,,
50798,2014,2.0,8.0,,1.0,1.0,1.0,,,
50799,2014,1.0,8.0,,1.0,0.0,1.0,2.0,3.0,3.0
50800,2014,1.0,8.0,1.0,1.0,1.0,1.0,2.0,4.0,2.0
50801,2014,2.0,8.0,2.0,0.0,0.0,1.0,1.0,4.0,1.0
50802,2014,2.0,4.0,,1.0,1.0,1.0,4.0,1.0,4.0
50803,2014,2.0,8.0,,0.0,1.0,0.0,2.0,3.0,5.0
50804,2014,,,,,,,,,
50805,2014,2.0,8.0,,0.0,0.0,1.0,,,
50806,2014,2.0,8.0,,0.0,1.0,0.0,,,
50807,2014,1.0,8.0,,0.0,0.0,1.0,3.0,3.0,3.0
50808,2014,,,,,,,,,
50809,2014,2.0,8.0,,1.0,1.0,1.0,5.0,5.0,5.0
50810,2014,1.0,4.0,2.0,1.0,0.0,1.0,3.0,2.0,4.0
50811,2014,2.0,8.0,,1.0,0.0,1.0,,,
50812,2014,2.0,4.0,,0.0,1.0,1.0,2.0,1.0,5.0
50813,2014,2.0,2.0,1.0,0.0,1.0,1.0,,,
50814,2014,2.0,8.0,1.0,0.0,1.0,1.0,3.0,2.0,4.0
50815,2014,2.0,4.0,2.0,1.0,0.0,1.0,2.0,2.0,4.0
50816,2014,2.0,3.0,,1.0,1.0,1.0,5.0,4.0,3.0
50817,2014,2.0,3.0,1.0,1.0,1.0,1.0,3.0,3.0,4.0
50818,2014,2.0,4.0,2.0,1.0,0.0,1.0,2.0,1.0,4.0
50819,2014,2.0,4.0,,1.0,1.0,1.0,5.0,5.0,3.0
50820,2014,1.0,5.0,1.0,1.0,1.0,1.0,2.0,1.0,5.0
50821,2014,2.0,8.0,1.0,0.0,1.0,1.0,3.0,3.0,4.0
50822,2014,1.0,4.0,2.0,1.0,1.0,1.0,4.0,4.0,2.0
50823,2014,1.0,4.0,,1.0,1.0,0.0,4.0,2.0,5.0
50824,2014,2.0,5.0,2.0,1.0,1.0,1.0,3.0,1.0,5.0
50825,2014,1.0,3.0,,1.0,0.0,1.0,3.0,1.0,3.0
50826,2014,2.0,8.0,,0.0,1.0,1.0,1.0,1.0,5.0
50827,2014,2.0,5.0,1.0,1.0,1.0,1.0,1.0,1.0,5.0
50828,2014,1.0,3.0,2.0,1.0,1.0,1.0,1.0,1.0,
50829,2014,2.0,3.0,,1.0,0.0,1.0,4.0,4.0,3.0
50830,2014,2.0,1.0,,0.0,1.0,0.0,1.0,5.0,5.0
50831,2014,1.0,8.0,1.0,1.0,0.0,1.0,2.0,1.0,5.0
50832,2014,1.0,8.0,,1.0,1.0,1.0,1.0,1.0,5.0
50833,2014,2.0,3.0,1.0,0.0,1.0,1.0,3.0,1.0,5.0
50834,2014,1.0,3.0,1.0,1.0,1.0,1.0,2.0,3.0,3.0
50835,2014,2.0,3.0,,1.0,1.0,1.0,1.0,4.0,5.0
50836,2014,1.0,3.0,,0.0,1.0,1.0,2.0,4.0,5.0
50837,2014,1.0,4.0,2.0,1.0,0.0,1.0,1.0,1.0,4.0
50838,2014,2.0,2.0,2.0,1.0,1.0,1.0,2.0,4.0,4.0
50839,2014,2.0,3.0,1.0,1.0,1.0,1.0,1.0,3.0,5.0
50840,2014,2.0,8.0,,0.0,0.0,1.0,4.0,5.0,3.0
50841,2014,2.0,5.0,,0.0,1.0,1.0,4.0,3.0,4.0
50842,2014,1.0,3.0,1.0,1.0,1.0,1.0,2.0,3.0,4.0
50843,2014,1.0,3.0,,1.0,1.0,0.0,1.0,2.0,4.0
50844,2014,1.0,3.0,,1.0,1.0,1.0,5.0,1.0,5.0
50845,2014,2.0,2.0,1.0,1.0,1.0,1.0,1.0,5.0,4.0
50846,2014,1.0,4.0,,1.0,0.0,1.0,4.0,3.0,3.0
50847,2014,1.0,3.0,2.0,1.0,1.0,1.0,2.0,2.0,5.0
50848,2014,1.0,8.0,2.0,1.0,0.0,1.0,5.0,2.0,5.0
50849,2014,2.0,8.0,2.0,0.0,1.0,1.0,5.0,5.0,1.0
50850,2014,2.0,8.0,,0.0,0.0,1.0,2.0,4.0,3.0
50851,2014,1.0,8.0,2.0,0.0,0.0,0.0,5.0,5.0,3.0
50852,2014,2.0,8.0,,1.0,1.0,1.0,2.0,1.0,3.0
50853,2014,2.0,8.0,,1.0,1.0,1.0,3.0,4.0,5.0
50854,2014,1.0,2.0,,1.0,1.0,1.0,2.0,2.0,4.0
50855,2014,2.0,4.0,1.0,1.0,1.0,1.0,4.0,5.0,1.0
50856,2014,1.0,8.0,,1.0,0.0,1.0,1.0,1.0,1.0
50857,2014,2.0,8.0,,1.0,1.0,1.0,2.0,5.0,4.0
50858,2014,1.0,8.0,1.0,1.0,1.0,0.0,,,
50859,2014,2.0,8.0,,1.0,1.0,1.0,1.0,5.0,5.0
50860,2014,1.0,4.0,1.0,1.0,1.0,1.0,1.0,1.0,1.0
50861,2014,,,,,,,,,
50862,2014,,,,,,,,,
50863,2014,,,,,,,,,
50864,2014,,5.0,,1.0,0.0,1.0,1.0,3.0,4.0
50865,2014,2.0,5.0,,1.0,1.0,1.0,1.0,3.0,1.0
50866,2014,,1.0,,0.0,0.0,0.0,1.0,1.0,1.0
50867,2014,2.0,4.0,,1.0,1.0,1.0,4.0,4.0,4.0
50868,2014,1.0,8.0,,1.0,1.0,1.0,1.0,4.0,5.0
50869,2014,1.0,8.0,,0.0,1.0,1.0,3.0,4.0,4.0
50870,2014,2.0,8.0,2.0,1.0,1.0,1.0,3.0,3.0,3.0
50871,2014,1.0,1.0,,0.0,0.0,0.0,1.0,1.0,1.0
50872,2014,2.0,3.0,1.0,0.0,0.0,1.0,2.0,1.0,5.0
50873,2014,2.0,8.0,,1.0,1.0,0.0,1.0,1.0,1.0
50874,2014,1.0,2.0,2.0,1.0,1.0,1.0,1.0,2.0,5.0
50875,2014,2.0,3.0,,0.0,0.0,0.0,4.0,5.0,3.0
50876,2014,,1.0,0.0,0.0,0.0,0.0,1.0,1.0,3.0
50877,2014,1.0,8.0,1.0,1.0,1.0,1.0,3.0,3.0,3.0
50878,2014,1.0,3.0,,1.0,1.0,1.0,1.0,1.0,1.0
50879,2014,1.0,4.0,2.0,1.0,0.0,1.0,2.0,3.0,4.0
50880,2014,,,,,,,,,
50881,2014,1.0,2.0,2.0,1.0,1.0,1.0,1.0,1.0,5.0
50882,2014,2.0,4.0,1.0,1.0,1.0,1.0,2.0,1.0,5.0
50883,2014,1.0,3.0,1.0,1.0,0.0,1.0,5.0,5.0,4.0
50884,2014,2.0,3.0,2.0,0.0,1.0,1.0,1.0,3.0,5.0
50885,2014,1.0,2.0,1.0,1.0,1.0,1.0,4.0,4.0,2.0
50886,2014,2.0,8.0,2.0,1.0,1.0,1.0,4.0,4.0,3.0
50887,2014,1.0,3.0,0.0,0.0,0.0,1.0,5.0,5.0,1.0
50888,2014,2.0,8.0,0.0,0.0,1.0,1.0,4.0,5.0,2.0
50889,2014,1.0,4.0,2.0,1.0,1.0,1.0,1.0,2.0,5.0
50890,2014,1.0,3.0,2.0,0.0,1.0,1.0,2.0,2.0,4.0
50891,2014,2.0,4.0,2.0,0.0,1.0,1.0,2.0,3.0,5.0
50892,2014,2.0,5.0,,0.0,1.0,0.0,5.0,5.0,4.0
50893,2014,2.0,8.0,,1.0,1.0,1.0,4.0,4.0,2.0
50894,2014,1.0,4.0,,1.0,1.0,1.0,1.0,4.0,4.0
50895,2014,2.0,8.0,1.0,1.0,1.0,1.0,3.0,3.0,3.0
50896,2014,2.0,,,0.0,0.0,0.0,,,
50897,2014,2.0,8.0,,1.0,1.0,1.0,3.0,5.0,5.0
50898,2014,2.0,1.0,1.0,0.0,1.0,1.0,2.0,3.0,5.0
50899,2014,2.0,4.0,1.0,1.0,1.0,1.0,2.0,1.0,4.0
50900,2014,2.0,3.0,2.0,1.0,1.0,1.0,2.0,4.0,4.0
50901,2014,2.0,4.0,2.0,1.0,0.0,1.0,5.0,4.0,5.0
50902,2014,2.0,1.0,,1.0,1.0,1.0,1.0,1.0,5.0
50903,2014,2.0,3.0,1.0,1.0,1.0,1.0,4.0,4.0,1.0
50904,2014,2.0,5.0,1.0,1.0,1.0,1.0,1.0,2.0,5.0
50905,2014,1.0,4.0,0.0,0.0,1.0,1.0,2.0,2.0,5.0
50906,2014,1.0,2.0,2.0,1.0,1.0,1.0,2.0,1.0,5.0
50907,2014,,5.0,,1.0,0.0,1.0,4.0,1.0,4.0
50908,2014,2.0,3.0,0.0,0.0,0.0,0.0,1.0,5.0,5.0
50909,2014,1.0,1.0,,1.0,1.0,1.0,1.0,2.0,5.0
50910,2014,1.0,8.0,,1.0,1.0,1.0,4.0,1.0,5.0
50911,2014,2.0,8.0,1.0,1.0,0.0,1.0,4.0,3.0,3.0
50912,2014,1.0,8.0,,0.0,1.0,1.0,2.0,2.0,5.0
50913,2014,1.0,8.0,1.0,1.0,0.0,1.0,4.0,5.0,4.0
50914,2014,1.0,8.0,,1.0,0.0,1.0,5.0,5.0,4.0
50915,2014,2.0,3.0,1.0,1.0,1.0,1.0,2.0,2.0,5.0
50916,2014,2.0,4.0,1.0,0.0,1.0,1.0,1.0,1.0,5.0
50917,2014,2.0,8.0,,0.0,1.0,1.0,1.0,1.0,4.0
50918,2014,1.0,8.0,2.0,1.0,1.0,1.0,1.0,3.0,3.0
50919,2014,2.0,8.0,1.0,0.0,1.0,1.0,4.0,5.0,4.0
50920,2014,2.0,8.0,1.0,1.0,1.0,0.0,5.0,4.0,2.0
50921,2014,2.0,4.0,,0.0,0.0,0.0,3.0,5.0,3.0
50922,2014,2.0,8.0,,1.0,1.0,1.0,3.0,4.0,4.0
50923,2014,1.0,3.0,,1.0,1.0,1.0,5.0,5.0,4.0
50924,2014,2.0,4.0,,1.0,1.0,1.0,4.0,3.0,4.0
50925,2014,1.0,3.0,,0.0,0.0,1.0,3.0,5.0,4.0
50926,2014,2.0,8.0,2.0,1.0,1.0,1.0,1.0,2.0,2.0
50927,2014,2.0,5.0,1.0,0.0,0.0,1.0,2.0,2.0,5.0
50928,2014,1.0,3.0,0.0,0.0,1.0,1.0,4.0,1.0,4.0
50929,2014,2.0,2.0,1.0,0.0,1.0,1.0,2.0,2.0,2.0
50930,2014,2.0,2.0,1.0,0.0,1.0,1.0,4.0,5.0,5.0
50931,2014,1.0,1.0,2.0,1.0,1.0,1.0,1.0,2.0,5.0
50932,2014,2.0,2.0,1.0,1.0,1.0,1.0,1.0,3.0,5.0
50933,2014,2.0,3.0,,1.0,1.0,1.0,4.0,1.0,5.0
50934,2014,1.0,3.0,,0.0,0.0,1.0,3.0,4.0,3.0
50935,2014,1.0,3.0,2.0,1.0,0.0,1.0,4.0,4.0,4.0
50936,2014,,8.0,2.0,0.0,1.0,1.0,2.0,4.0,3.0
50937,2014,2.0,8.0,1.0,0.0,0.0,1.0,3.0,1.0,5.0
50938,2014,2.0,3.0,,1.0,1.0,1.0,4.0,4.0,3.0
50939,2014,2.0,5.0,,1.0,0.0,1.0,4.0,5.0,5.0
50940,2014,2.0,2.0,2.0,1.0,1.0,1.0,1.0,1.0,5.0
50941,2014,2.0,1.0,,1.0,0.0,1.0,4.0,3.0,3.0
50942,2014,1.0,8.0,,0.0,0.0,0.0,1.0,5.0,5.0
50943,2014,1.0,3.0,,0.0,0.0,1.0,4.0,1.0,5.0
50944,2014,,,,,,,3.0,4.0,3.0
50945,2014,1.0,8.0,2.0,1.0,1.0,1.0,,,
50946,2014,2.0,8.0,0.0,0.0,1.0,1.0,4.0,5.0,1.0
50947,2014,1.0,3.0,,1.0,1.0,1.0,1.0,1.0,5.0
50948,2014,2.0,8.0,1.0,1.0,1.0,1.0,1.0,1.0,5.0
50949,2014,1.0,3.0,1.0,1.0,1.0,0.0,,,
50950,2014,1.0,3.0,1.0,1.0,1.0,1.0,1.0,3.0,2.0
50951,2014,2.0,8.0,,1.0,0.0,1.0,4.0,4.0,5.0
50952,2014,1.0,3.0,1.0,1.0,1.0,1.0,1.0,1.0,5.0
50953,2014,2.0,4.0,,1.0,1.0,1.0,3.0,3.0,4.0
50954,2014,2.0,3.0,,1.0,1.0,1.0,3.0,4.0,4.0
50955,2014,2.0,4.0,,1.0,0.0,1.0,3.0,1.0,4.0
50956,2014,2.0,4.0,1.0,1.0,1.0,1.0,,,
50957,2014,2.0,8.0,,1.0,0.0,1.0,3.0,1.0,3.0
50958,2014,2.0,2.0,2.0,1.0,1.0,1.0,4.0,1.0,5.0
50959,2014,1.0,3.0,1.0,1.0,1.0,1.0,,,
50960,2014,2.0,4.0,,1.0,1.0,1.0,1.0,1.0,5.0
50961,2014,2.0,8.0,2.0,1.0,1.0,1.0,1.0,1.0,4.0
50962,2014,2.0,4.0,1.0,0.0,0.0,1.0,4.0,5.0,4.0
50963,2014,2.0,8.0,1.0,1.0,1.0,1.0,1.0,4.0,5.0
50964,2014,2.0,3.0,,1.0,1.0,1.0,5.0,3.0,4.0
50965,2014,2.0,3.0,1.0,1.0,1.0,1.0,1.0,1.0,1.0
50966,2014,1.0,3.0,1.0,1.0,1.0,1.0,3.0,4.0,5.0
50967,2014,,,,,,,,,
50968,2014,2.0,8.0,,0.0,1.0,0.0,3.0,3.0,3.0
50969,2014,2.0,5.0,,0.0,0.0,1.0,3.0,2.0,
50970,2014,1.0,8.0,1.0,1.0,1.0,1.0,1.0,1.0,4.0
50971,2014,1.0,3.0,1.0,1.0,1.0,1.0,4.0,1.0,5.0
50972,2014,2.0,8.0,2.0,1.0,1.0,1.0,1.0,4.0,4.0
50973,2014,2.0,3.0,1.0,1.0,1.0,1.0,2.0,1.0,5.0
50974,2014,2.0,8.0,2.0,1.0,0.0,1.0,1.0,1.0,5.0
50975,2014,1.0,6.0,,1.0,0.0,1.0,4.0,1.0,5.0
50976,2014,2.0,3.0,2.0,1.0,1.0,1.0,4.0,3.0,4.0
50977,2014,2.0,1.0,,0.0,0.0,0.0,1.0,3.0,5.0
50978,2014,1.0,8.0,1.0,1.0,0.0,1.0,1.0,3.0,4.0
50979,2014,1.0,1.0,,1.0,0.0,1.0,1.0,3.0,3.0
50980,2014,2.0,3.0,2.0,1.0,1.0,1.0,2.0,1.0,5.0
50981,2014,1.0,3.0,2.0,1.0,1.0,1.0,2.0,2.0,4.0
50982,2014,1.0,8.0,1.0,0.0,1.0,0.0,1.0,1.0,5.0
50983,2014,2.0,8.0,1.0,1.0,1.0,1.0,5.0,5.0,4.0
50984,2014,1.0,3.0,1.0,1.0,1.0,1.0,3.0,4.0,4.0
50985,2014,1.0,3.0,1.0,0.0,0.0,1.0,3.0,1.0,1.0
50986,2014,1.0,4.0,2.0,1.0,1.0,1.0,4.0,4.0,5.0
50987,2014,2.0,8.0,1.0,1.0,1.0,1.0,4.0,4.0,4.0
50988,2014,1.0,3.0,1.0,1.0,1.0,1.0,1.0,1.0,5.0
50989,2014,2.0,,,1.0,1.0,1.0,,,
50990,2014,1.0,2.0,,1.0,1.0,1.0,1.0,4.0,4.0
50991,2014,1.0,8.0,,1.0,1.0,1.0,4.0,4.0,4.0
50992,2014,2.0,1.0,2.0,1.0,1.0,1.0,5.0,5.0,2.0
50993,2014,1.0,8.0,,1.0,1.0,1.0,1.0,1.0,3.0
50994,2014,2.0,8.0,2.0,1.0,1.0,1.0,3.0,5.0,4.0
50995,2014,2.0,8.0,,1.0,0.0,1.0,4.0,5.0,2.0
50996,2014,1.0,8.0,2.0,1.0,0.0,1.0,2.0,2.0,4.0
50997,2014,1.0,8.0,2.0,1.0,1.0,0.0,2.0,1.0,4.0
50998,2014,2.0,8.0,,0.0,1.0,1.0,3.0,4.0,4.0
50999,2014,1.0,8.0,2.0,1.0,1.0,1.0,1.0,2.0,5.0
51000,2014,1.0,4.0,2.0,1.0,1.0,1.0,4.0,2.0,4.0
51001,2014,2.0,8.0,,0.0,1.0,1.0,1.0,3.0,4.0
51002,2014,2.0,1.0,1.0,1.0,1.0,1.0,2.0,2.0,5.0
51003,2014,1.0,8.0,2.0,1.0,1.0,1.0,4.0,3.0,4.0
51004,2014,1.0,4.0,1.0,1.0,1.0,1.0,5.0,5.0,4.0
51005,2014,1.0,8.0,2.0,0.0,0.0,1.0,3.0,3.0,4.0
51006,2014,2.0,3.0,1.0,1.0,1.0,1.0,2.0,4.0,4.0
51007,2014,1.0,2.0,,1.0,0.0,1.0,2.0,2.0,4.0
51008,2014,2.0,8.0,1.0,1.0,1.0,1.0,4.0,5.0,1.0
51009,2014,2.0,8.0,,1.0,0.0,1.0,2.0,2.0,5.0
51010,2014,1.0,4.0,1.0,0.0,1.0,1.0,3.0,4.0,4.0
51011,2014,1.0,8.0,1.0,1.0,1.0,1.0,2.0,1.0,5.0
51012,2014,1.0,4.0,1.0,1.0,1.0,1.0,5.0,5.0,4.0
51013,2014,1.0,8.0,,1.0,0.0,1.0,2.0,2.0,4.0
51014,2014,1.0,4.0,0.0,0.0,1.0,0.0,,,
51015,2014,,8.0,,0.0,0.0,0.0,1.0,1.0,1.0
51016,2014,1.0,1.0,2.0,1.0,0.0,1.0,,,3.0
51017,2014,,,,,,,,,
51018,2014,1.0,8.0,,1.0,0.0,1.0,1.0,1.0,1.0
51019,2014,2.0,8.0,,0.0,1.0,0.0,5.0,5.0,1.0
51020,2014,1.0,3.0,2.0,1.0,1.0,1.0,5.0,3.0,5.0
51021,2014,1.0,8.0,,1.0,0.0,0.0,3.0,3.0,3.0
51022,2014,1.0,8.0,2.0,0.0,0.0,0.0,1.0,5.0,5.0
51023,2014,2.0,3.0,2.0,0.0,0.0,1.0,2.0,2.0,5.0
51024,2014,2.0,8.0,1.0,0.0,0.0,0.0,5.0,5.0,5.0
51025,2014,1.0,5.0,0.0,0.0,1.0,1.0,1.0,4.0,4.0
51026,2014,,,,,,,4.0,5.0,4.0
51027,2014,2.0,8.0,2.0,1.0,0.0,1.0,4.0,3.0,3.0
51028,2014,2.0,8.0,1.0,1.0,1.0,1.0,3.0,4.0,4.0
51029,2014,2.0,4.0,,0.0,1.0,1.0,,,
51030,2014,2.0,5.0,1.0,1.0,0.0,1.0,5.0,5.0,1.0
51031,2014,,,,,,,,,
51032,2014,2.0,,,0.0,0.0,1.0,1.0,5.0,
51033,2014,2.0,8.0,2.0,1.0,1.0,1.0,,,
51034,2014,,,,,,,,,
51035,2014,,,,,,,,,
51036,2014,2.0,2.0,1.0,1.0,1.0,1.0,1.0,3.0,4.0
51037,2014,,,,,,,,,
51038,2014,,,,0.0,0.0,0.0,1.0,,
51039,2014,1.0,,,1.0,0.0,1.0,5.0,5.0,1.0
51040,2014,1.0,3.0,,1.0,1.0,1.0,2.0,1.0,5.0
51041,2014,1.0,2.0,,1.0,0.0,1.0,3.0,4.0,3.0
51042,2014,2.0,8.0,2.0,1.0,1.0,1.0,3.0,3.0,4.0
51043,2014,2.0,2.0,2.0,1.0,1.0,1.0,4.0,4.0,5.0
51044,2014,1.0,3.0,,0.0,1.0,0.0,1.0,2.0,5.0
51045,2014,2.0,3.0,1.0,0.0,0.0,1.0,3.0,2.0,5.0
51046,2014,1.0,3.0,1.0,1.0,1.0,1.0,4.0,2.0,4.0
51047,2014,1.0,8.0,2.0,1.0,0.0,1.0,2.0,3.0,4.0
51048,2014,1.0,8.0,,1.0,1.0,1.0,1.0,1.0,5.0
51049,2014,1.0,8.0,1.0,1.0,1.0,1.0,,,
51050,2014,2.0,8.0,2.0,1.0,0.0,1.0,3.0,4.0,3.0
51051,2014,2.0,4.0,,1.0,1.0,1.0,1.0,2.0,5.0
51052,2014,1.0,8.0,1.0,1.0,1.0,1.0,1.0,2.0,4.0
51053,2014,2.0,5.0,2.0,1.0,0.0,1.0,3.0,4.0,2.0
51054,2014,1.0,3.0,,1.0,1.0,1.0,2.0,1.0,5.0
51055,2014,2.0,8.0,2.0,1.0,0.0,1.0,1.0,1.0,5.0
51056,2014,2.0,8.0,,1.0,1.0,1.0,2.0,1.0,5.0
51057,2014,2.0,3.0,2.0,1.0,1.0,1.0,4.0,3.0,4.0
51058,2014,2.0,2.0,1.0,1.0,1.0,1.0,4.0,5.0,4.0
51059,2014,2.0,3.0,1.0,1.0,1.0,1.0,,,
51060,2014,1.0,8.0,2.0,1.0,1.0,1.0,2.0,1.0,4.0
51061,2014,2.0,8.0,2.0,1.0,1.0,1.0,3.0,3.0,3.0
51062,2014,1.0,1.0,0.0,0.0,1.0,1.0,1.0,1.0,5.0
51063,2014,2.0,8.0,2.0,1.0,1.0,1.0,4.0,5.0,4.0
51064,2014,1.0,8.0,2.0,1.0,1.0,1.0,1.0,1.0,5.0
51065,2014,1.0,8.0,,1.0,1.0,1.0,2.0,4.0,3.0
51066,2014,2.0,3.0,2.0,1.0,1.0,1.0,1.0,4.0,5.0
51067,2014,2.0,3.0,2.0,1.0,1.0,1.0,2.0,2.0,4.0
51068,2014,1.0,3.0,2.0,1.0,1.0,1.0,1.0,2.0,5.0
51069,2014,1.0,3.0,1.0,1.0,1.0,1.0,4.0,5.0,2.0
51070,2014,1.0,2.0,1.0,0.0,1.0,1.0,1.0,1.0,5.0
51071,2014,2.0,8.0,1.0,1.0,1.0,1.0,1.0,1.0,1.0
51072,2014,1.0,8.0,,1.0,1.0,0.0,4.0,4.0,2.0
51073,2014,2.0,8.0,,1.0,1.0,1.0,5.0,5.0,4.0
51074,2014,2.0,8.0,,0.0,1.0,0.0,3.0,4.0,2.0
51075,2014,2.0,4.0,2.0,1.0,1.0,1.0,4.0,4.0,4.0
51076,2014,2.0,3.0,2.0,1.0,1.0,1.0,1.0,4.0,4.0
51077,2014,2.0,4.0,2.0,0.0,1.0,1.0,5.0,3.0,4.0
51078,2014,2.0,8.0,2.0,0.0,1.0,1.0,4.0,4.0,4.0
51079,2014,2.0,3.0,2.0,1.0,1.0,1.0,2.0,4.0,4.0
51080,2014,2.0,1.0,2.0,1.0,1.0,1.0,1.0,4.0,4.0
51081,2014,2.0,8.0,0.0,0.0,1.0,1.0,3.0,3.0,3.0
51082,2014,1.0,1.0,1.0,1.0,0.0,1.0,5.0,5.0,1.0
51083,2014,2.0,8.0,2.0,1.0,1.0,1.0,2.0,2.0,5.0
51084,2014,2.0,3.0,2.0,1.0,1.0,1.0,5.0,5.0,4.0
51085,2014,2.0,8.0,1.0,1.0,1.0,1.0,4.0,5.0,4.0
51086,2014,1.0,8.0,0.0,0.0,1.0,1.0,1.0,1.0,1.0
51087,2014,1.0,8.0,1.0,0.0,0.0,0.0,1.0,1.0,1.0
51088,2014,1.0,3.0,,0.0,0.0,1.0,3.0,3.0,3.0
51089,2014,1.0,8.0,,0.0,0.0,0.0,5.0,5.0,5.0
51090,2014,1.0,3.0,1.0,1.0,1.0,1.0,2.0,3.0,4.0
51091,2014,2.0,4.0,,1.0,1.0,1.0,2.0,3.0,3.0
51092,2014,1.0,8.0,1.0,1.0,1.0,1.0,3.0,4.0,4.0
51093,2014,2.0,3.0,2.0,1.0,1.0,1.0,2.0,1.0,5.0
51094,2014,1.0,8.0,1.0,1.0,1.0,1.0,,,
51095,2014,2.0,2.0,1.0,1.0,1.0,1.0,4.0,5.0,2.0
51096,2014,1.0,8.0,0.0,0.0,1.0,1.0,4.0,5.0,1.0
51097,2014,1.0,8.0,1.0,1.0,1.0,1.0,3.0,2.0,4.0
51098,2014,1.0,8.0,1.0,1.0,1.0,1.0,1.0,2.0,4.0
51099,2014,2.0,8.0,,1.0,1.0,1.0,1.0,4.0,5.0
51100,2014,1.0,6.0,,1.0,1.0,1.0,3.0,4.0,4.0
51101,2014,2.0,8.0,2.0,1.0,1.0,1.0,1.0,1.0,5.0
51102,2014,1.0,8.0,2.0,1.0,1.0,1.0,2.0,,
51103,2014,1.0,3.0,2.0,1.0,0.0,1.0,,,
51104,2014,1.0,,2.0,0.0,1.0,1.0,1.0,1.0,2.0
51105,2014,1.0,8.0,,1.0,1.0,1.0,1.0,5.0,5.0
51106,2014,1.0,8.0,,1.0,1.0,1.0,5.0,2.0,4.0
51107,2014,1.0,8.0,,1.0,1.0,1.0,5.0,5.0,4.0
51108,2014,2.0,3.0,,1.0,1.0,1.0,4.0,4.0,4.0
51109,2014,2.0,2.0,1.0,1.0,1.0,1.0,2.0,3.0,4.0
51110,2014,1.0,5.0,2.0,0.0,1.0,1.0,5.0,5.0,2.0
51111,2014,1.0,3.0,2.0,1.0,1.0,1.0,2.0,1.0,4.0
51112,2014,1.0,2.0,,1.0,1.0,1.0,1.0,2.0,4.0
51113,2014,1.0,8.0,1.0,0.0,0.0,1.0,4.0,1.0,4.0
51114,2014,1.0,4.0,,0.0,1.0,1.0,4.0,1.0,
51115,2014,,,,,,,,,
51116,2014,1.0,4.0,,1.0,1.0,1.0,2.0,2.0,4.0
51117,2014,2.0,8.0,,0.0,1.0,1.0,5.0,4.0,3.0
51118,2014,1.0,3.0,,1.0,0.0,1.0,1.0,2.0,1.0
51119,2014,1.0,,2.0,0.0,1.0,0.0,1.0,3.0,
51120,2014,1.0,4.0,1.0,1.0,1.0,1.0,4.0,4.0,4.0
51121,2014,2.0,4.0,,1.0,1.0,1.0,2.0,3.0,5.0
51122,2014,2.0,1.0,,1.0,0.0,1.0,4.0,4.0,1.0
51123,2014,2.0,4.0,0.0,0.0,0.0,1.0,2.0,1.0,4.0
51124,2014,2.0,4.0,2.0,0.0,1.0,1.0,5.0,5.0,4.0
51125,2014,1.0,8.0,,1.0,1.0,1.0,5.0,2.0,5.0
51126,2014,2.0,8.0,,1.0,1.0,1.0,4.0,3.0,4.0
51127,2014,2.0,8.0,,1.0,0.0,1.0,,,
51128,2014,1.0,4.0,0.0,1.0,0.0,1.0,1.0,5.0,4.0
51129,2014,1.0,8.0,2.0,1.0,0.0,1.0,3.0,3.0,4.0
51130,2014,1.0,3.0,,1.0,1.0,1.0,4.0,1.0,4.0
51131,2014,1.0,8.0,,1.0,1.0,1.0,5.0,5.0,4.0
51132,2014,1.0,2.0,1.0,1.0,1.0,1.0,2.0,1.0,4.0
51133,2014,1.0,5.0,,1.0,1.0,1.0,1.0,1.0,5.0
51134,2014,2.0,8.0,,1.0,0.0,1.0,2.0,4.0,4.0
51135,2014,1.0,8.0,2.0,0.0,1.0,1.0,1.0,4.0,5.0
51136,2014,2.0,8.0,2.0,1.0,1.0,1.0,2.0,1.0,5.0
51137,2014,1.0,3.0,1.0,0.0,1.0,1.0,2.0,3.0,4.0
51138,2014,1.0,8.0,0.0,0.0,0.0,1.0,1.0,1.0,5.0
51139,2014,2.0,3.0,1.0,0.0,0.0,0.0,1.0,4.0,5.0
51140,2014,2.0,4.0,,0.0,1.0,1.0,3.0,2.0,4.0
51141,2014,1.0,8.0,,1.0,1.0,1.0,2.0,1.0,4.0
51142,2014,2.0,4.0,,1.0,0.0,1.0,5.0,4.0,3.0
51143,2014,1.0,2.0,1.0,0.0,1.0,1.0,1.0,1.0,5.0
51144,2014,1.0,8.0,,0.0,1.0,0.0,1.0,1.0,5.0
51145,2014,2.0,3.0,,0.0,1.0,1.0,4.0,5.0,1.0
51146,2014,2.0,4.0,2.0,1.0,1.0,1.0,1.0,5.0,2.0
51147,2014,1.0,8.0,,1.0,1.0,1.0,2.0,3.0,5.0
51148,2014,2.0,8.0,1.0,1.0,0.0,1.0,4.0,5.0,2.0
51149,2014,1.0,4.0,2.0,0.0,1.0,1.0,1.0,1.0,1.0
51150,2014,2.0,3.0,,0.0,1.0,1.0,2.0,1.0,4.0
51151,2014,2.0,8.0,2.0,0.0,0.0,1.0,3.0,4.0,5.0
51152,2014,2.0,2.0,,1.0,1.0,1.0,4.0,2.0,5.0
51153,2014,2.0,2.0,,1.0,0.0,1.0,2.0,1.0,5.0
51154,2014,2.0,3.0,2.0,1.0,0.0,1.0,3.0,1.0,5.0
51155,2014,2.0,2.0,,1.0,1.0,1.0,1.0,3.0,3.0
51156,2014,2.0,2.0,1.0,1.0,1.0,1.0,1.0,2.0,5.0
51157,2014,2.0,3.0,1.0,1.0,1.0,1.0,2.0,2.0,5.0
51158,2014,2.0,5.0,,0.0,1.0,1.0,2.0,4.0,5.0
51159,2014,2.0,8.0,1.0,1.0,1.0,1.0,4.0,4.0,4.0
51160,2014,2.0,8.0,1.0,1.0,1.0,1.0,4.0,3.0,3.0
51161,2014,2.0,8.0,1.0,1.0,0.0,1.0,1.0,2.0,5.0
51162,2014,2.0,2.0,1.0,1.0,1.0,1.0,2.0,2.0,4.0
51163,2014,2.0,8.0,2.0,1.0,1.0,1.0,5.0,5.0,1.0
51164,2014,2.0,3.0,2.0,0.0,1.0,1.0,3.0,2.0,4.0
51165,2014,2.0,3.0,2.0,1.0,1.0,1.0,2.0,3.0,4.0
51166,2014,2.0,2.0,1.0,1.0,0.0,1.0,2.0,4.0,4.0
51167,2014,2.0,3.0,1.0,1.0,1.0,1.0,4.0,2.0,5.0
51168,2014,2.0,2.0,2.0,1.0,1.0,1.0,3.0,5.0,4.0
51169,2014,2.0,2.0,2.0,1.0,1.0,1.0,2.0,4.0,4.0
51170,2014,2.0,3.0,2.0,1.0,1.0,1.0,2.0,2.0,5.0
51171,2014,2.0,3.0,1.0,1.0,1.0,1.0,3.0,1.0,4.0
51172,2014,2.0,2.0,1.0,1.0,1.0,1.0,1.0,1.0,5.0
51173,2014,1.0,8.0,,0.0,0.0,1.0,2.0,3.0,4.0
51174,2014,2.0,8.0,,0.0,0.0,1.0,4.0,5.0,3.0
51175,2014,2.0,3.0,2.0,1.0,1.0,1.0,4.0,,
51176,2014,2.0,3.0,,0.0,0.0,1.0,4.0,5.0,5.0
51177,2014,1.0,8.0,1.0,1.0,0.0,1.0,1.0,1.0,1.0
51178,2014,,,,,,,,,
51179,2014,2.0,3.0,,0.0,0.0,1.0,3.0,2.0,5.0
51180,2014,1.0,8.0,,0.0,0.0,0.0,2.0,1.0,4.0
51181,2014,2.0,,,1.0,0.0,0.0,3.0,5.0,5.0
51182,2014,2.0,8.0,1.0,1.0,0.0,1.0,1.0,1.0,5.0
51183,2014,,3.0,0.0,0.0,0.0,1.0,4.0,5.0,5.0
51184,2014,1.0,4.0,,0.0,0.0,1.0,4.0,3.0,4.0
51185,2014,1.0,8.0,,0.0,1.0,1.0,2.0,2.0,4.0
51186,2014,2.0,8.0,2.0,1.0,1.0,1.0,2.0,4.0,4.0
51187,2014,1.0,8.0,,1.0,0.0,1.0,4.0,1.0,5.0
51188,2014,2.0,3.0,,1.0,1.0,1.0,3.0,3.0,4.0
51189,2014,2.0,2.0,,1.0,1.0,1.0,2.0,2.0,4.0
51190,2014,2.0,1.0,1.0,1.0,1.0,1.0,3.0,4.0,4.0
51191,2014,2.0,8.0,,1.0,1.0,1.0,2.0,3.0,5.0
51192,2014,1.0,2.0,,0.0,0.0,0.0,2.0,2.0,4.0
51193,2014,2.0,8.0,,0.0,0.0,0.0,2.0,1.0,4.0
51194,2014,1.0,8.0,2.0,1.0,1.0,1.0,3.0,5.0,1.0
51195,2014,1.0,1.0,2.0,0.0,1.0,1.0,1.0,1.0,4.0
51196,2014,1.0,4.0,1.0,1.0,1.0,1.0,1.0,2.0,4.0
51197,2014,1.0,1.0,2.0,1.0,1.0,1.0,4.0,4.0,4.0
51198,2014,1.0,8.0,2.0,1.0,1.0,1.0,1.0,3.0,5.0
51199,2014,1.0,8.0,2.0,0.0,1.0,0.0,2.0,3.0,4.0
51200,2014,2.0,1.0,2.0,0.0,0.0,1.0,1.0,1.0,3.0
51201,2014,1.0,8.0,1.0,1.0,1.0,1.0,,,
51202,2014,1.0,8.0,,1.0,1.0,1.0,3.0,3.0,4.0
51203,2014,2.0,1.0,,0.0,0.0,1.0,2.0,1.0,4.0
51204,2014,1.0,8.0,2.0,0.0,1.0,1.0,3.0,2.0,5.0
51205,2014,1.0,1.0,,1.0,1.0,1.0,3.0,3.0,4.0
51206,2014,1.0,2.0,2.0,1.0,1.0,1.0,1.0,1.0,5.0
51207,2014,2.0,8.0,1.0,1.0,1.0,1.0,2.0,4.0,2.0
51208,2014,1.0,8.0,1.0,0.0,1.0,1.0,2.0,1.0,4.0
51209,2014,1.0,8.0,,1.0,1.0,1.0,4.0,4.0,4.0
51210,2014,1.0,2.0,2.0,1.0,1.0,1.0,4.0,4.0,4.0
51211,2014,2.0,3.0,2.0,1.0,1.0,1.0,1.0,1.0,5.0
51212,2014,,8.0,0.0,0.0,1.0,1.0,3.0,3.0,3.0
51213,2014,1.0,1.0,2.0,1.0,1.0,1.0,1.0,1.0,1.0
51214,2014,1.0,8.0,,1.0,1.0,1.0,1.0,1.0,5.0
51215,2014,2.0,1.0,1.0,0.0,0.0,1.0,2.0,5.0,5.0
51216,2014,1.0,3.0,1.0,1.0,1.0,1.0,4.0,4.0,4.0
51217,2014,1.0,8.0,1.0,1.0,1.0,1.0,1.0,3.0,4.0
51218,2014,1.0,3.0,1.0,1.0,1.0,1.0,1.0,2.0,4.0
51219,2014,2.0,8.0,1.0,1.0,1.0,1.0,1.0,3.0,3.0
51220,2014,,1.0,,1.0,0.0,1.0,1.0,1.0,1.0
51221,2014,1.0,3.0,1.0,1.0,1.0,1.0,1.0,3.0,4.0
51222,2014,,2.0,1.0,1.0,1.0,1.0,4.0,3.0,4.0
51223,2014,1.0,2.0,1.0,1.0,1.0,1.0,3.0,3.0,3.0
51224,2014,1.0,8.0,1.0,1.0,1.0,1.0,3.0,3.0,4.0
51225,2014,1.0,2.0,,1.0,1.0,0.0,2.0,3.0,3.0
51226,2014,1.0,8.0,,1.0,1.0,1.0,1.0,1.0,1.0
51227,2014,2.0,1.0,,1.0,1.0,1.0,1.0,1.0,5.0
51228,2014,2.0,2.0,1.0,1.0,1.0,1.0,3.0,3.0,3.0
51229,2014,1.0,1.0,2.0,0.0,0.0,1.0,5.0,5.0,5.0
51230,2014,2.0,8.0,1.0,1.0,1.0,1.0,1.0,2.0,1.0
51231,2014,1.0,3.0,2.0,1.0,0.0,1.0,4.0,3.0,4.0
51232,2014,2.0,8.0,1.0,1.0,1.0,1.0,1.0,1.0,1.0
51233,2014,2.0,8.0,1.0,0.0,0.0,1.0,1.0,1.0,1.0
51234,2014,2.0,8.0,,0.0,1.0,1.0,4.0,2.0,5.0
51235,2014,2.0,4.0,2.0,1.0,1.0,1.0,1.0,1.0,5.0
51236,2014,2.0,4.0,,0.0,0.0,1.0,1.0,4.0,3.0
51237,2014,2.0,3.0,1.0,1.0,1.0,1.0,1.0,5.0,4.0
51238,2014,2.0,6.0,,1.0,0.0,1.0,1.0,1.0,5.0
51239,2014,2.0,1.0,1.0,1.0,1.0,1.0,1.0,1.0,5.0
51240,2014,2.0,8.0,1.0,0.0,0.0,1.0,4.0,4.0,4.0
51241,2014,2.0,8.0,1.0,1.0,1.0,1.0,2.0,2.0,4.0
51242,2014,1.0,8.0,1.0,0.0,0.0,1.0,2.0,2.0,5.0
51243,2014,2.0,,2.0,1.0,1.0,1.0,3.0,5.0,5.0
51244,2014,1.0,8.0,,1.0,1.0,1.0,4.0,2.0,4.0
51245,2014,,,,,,,3.0,3.0,3.0
51246,2014,1.0,3.0,,0.0,0.0,1.0,3.0,4.0,4.0
51247,2014,1.0,8.0,,0.0,0.0,1.0,1.0,1.0,5.0
51248,2014,2.0,1.0,2.0,1.0,1.0,1.0,,,
51249,2014,2.0,2.0,1.0,0.0,0.0,1.0,,,
51250,2014,2.0,3.0,,1.0,0.0,1.0,2.0,2.0,4.0
51251,2014,1.0,8.0,,0.0,0.0,0.0,3.0,3.0,4.0
51252,2014,1.0,4.0,1.0,0.0,0.0,1.0,1.0,1.0,1.0
51253,2014,1.0,8.0,,1.0,1.0,1.0,,,
51254,2014,1.0,8.0,,0.0,0.0,1.0,,,
51255,2014,2.0,,0.0,0.0,0.0,0.0,,,
51256,2014,1.0,3.0,2.0,1.0,1.0,0.0,5.0,3.0,4.0
51257,2014,1.0,8.0,,1.0,1.0,1.0,3.0,3.0,3.0
51258,2014,1.0,8.0,,1.0,1.0,1.0,3.0,3.0,5.0
51259,2014,1.0,3.0,1.0,0.0,0.0,0.0,1.0,1.0,5.0
51260,2014,1.0,8.0,1.0,1.0,1.0,0.0,4.0,4.0,5.0
51261,2014,2.0,3.0,,1.0,1.0,1.0,4.0,2.0,4.0
51262,2014,2.0,4.0,,1.0,0.0,1.0,,,
51263,2014,2.0,8.0,1.0,0.0,0.0,1.0,5.0,3.0,5.0
51264,2014,2.0,1.0,,1.0,1.0,1.0,2.0,5.0,4.0
51265,2014,2.0,8.0,2.0,0.0,1.0,1.0,3.0,3.0,3.0
51266,2014,2.0,8.0,2.0,1.0,0.0,1.0,3.0,3.0,3.0
51267,2014,1.0,3.0,,0.0,1.0,1.0,2.0,5.0,5.0
51268,2014,,5.0,,1.0,0.0,1.0,1.0,2.0,5.0
51269,2014,2.0,8.0,2.0,1.0,1.0,1.0,1.0,1.0,5.0
51270,2014,1.0,1.0,1.0,1.0,1.0,1.0,2.0,5.0,4.0
51271,2014,1.0,4.0,,1.0,1.0,0.0,3.0,3.0,4.0
51272,2014,2.0,8.0,2.0,1.0,1.0,1.0,3.0,3.0,4.0
51273,2014,2.0,3.0,2.0,1.0,0.0,1.0,2.0,5.0,4.0
51274,2014,1.0,2.0,,1.0,1.0,1.0,1.0,4.0,5.0
51275,2014,1.0,2.0,2.0,1.0,0.0,1.0,2.0,4.0,4.0
51276,2014,1.0,3.0,,1.0,1.0,1.0,2.0,3.0,4.0
51277,2014,1.0,8.0,1.0,1.0,1.0,1.0,2.0,3.0,5.0
51278,2014,2.0,2.0,,1.0,1.0,1.0,2.0,1.0,4.0
51279,2014,1.0,8.0,1.0,1.0,1.0,1.0,4.0,5.0,4.0
51280,2014,1.0,2.0,1.0,1.0,1.0,1.0,2.0,2.0,5.0
51281,2014,1.0,8.0,0.0,0.0,1.0,1.0,2.0,1.0,5.0
51282,2014,1.0,8.0,,1.0,1.0,1.0,2.0,4.0,4.0
51283,2014,2.0,3.0,,1.0,1.0,1.0,3.0,5.0,4.0
51284,2014,2.0,8.0,,0.0,1.0,1.0,2.0,3.0,5.0
51285,2014,2.0,3.0,1.0,1.0,1.0,1.0,4.0,4.0,4.0
51286,2014,1.0,4.0,2.0,1.0,1.0,1.0,1.0,1.0,3.0
51287,2014,2.0,8.0,,1.0,1.0,1.0,,,
51288,2014,1.0,1.0,1.0,0.0,1.0,1.0,1.0,5.0,5.0
51289,2014,2.0,8.0,2.0,0.0,0.0,1.0,2.0,2.0,4.0
51290,2014,2.0,2.0,0.0,0.0,1.0,1.0,4.0,5.0,4.0
51291,2014,1.0,2.0,1.0,1.0,1.0,1.0,3.0,3.0,3.0
51292,2014,1.0,8.0,,1.0,1.0,1.0,4.0,5.0,4.0
51293,2014,2.0,8.0,,1.0,1.0,1.0,2.0,2.0,4.0
51294,2014,2.0,4.0,,1.0,1.0,1.0,2.0,2.0,4.0
51295,2014,1.0,8.0,2.0,1.0,0.0,1.0,1.0,5.0,5.0
51296,2014,2.0,8.0,,1.0,1.0,1.0,2.0,4.0,4.0
51297,2014,2.0,4.0,1.0,0.0,0.0,1.0,3.0,4.0,4.0
51298,2014,2.0,8.0,1.0,1.0,1.0,1.0,5.0,5.0,5.0
51299,2014,1.0,8.0,,1.0,1.0,1.0,3.0,1.0,4.0
51300,2014,2.0,8.0,1.0,1.0,1.0,1.0,1.0,1.0,5.0
51301,2014,1.0,8.0,,1.0,1.0,1.0,2.0,5.0,2.0
51302,2014,1.0,8.0,1.0,1.0,0.0,1.0,2.0,3.0,5.0
51303,2014,1.0,3.0,1.0,1.0,1.0,1.0,3.0,2.0,4.0
51304,2014,1.0,3.0,1.0,1.0,1.0,1.0,3.0,4.0,4.0
51305,2014,1.0,2.0,1.0,1.0,1.0,1.0,1.0,2.0,5.0
51306,2014,2.0,2.0,,1.0,1.0,1.0,1.0,1.0,5.0
51307,2014,2.0,6.0,1.0,1.0,1.0,1.0,3.0,5.0,4.0
51308,2014,1.0,4.0,1.0,1.0,1.0,1.0,2.0,4.0,2.0
51309,2014,1.0,1.0,,1.0,1.0,1.0,2.0,2.0,5.0
51310,2014,2.0,3.0,1.0,1.0,1.0,1.0,2.0,2.0,4.0
51311,2014,1.0,8.0,2.0,0.0,1.0,1.0,1.0,1.0,5.0
51312,2014,,3.0,1.0,1.0,1.0,1.0,4.0,5.0,5.0
51313,2014,1.0,8.0,1.0,0.0,1.0,1.0,2.0,1.0,4.0
51314,2014,1.0,3.0,,1.0,1.0,1.0,2.0,1.0,5.0
51315,2014,1.0,8.0,,1.0,0.0,1.0,5.0,4.0,3.0
51316,2014,1.0,5.0,1.0,1.0,1.0,1.0,2.0,4.0,5.0
51317,2014,,3.0,1.0,1.0,1.0,1.0,4.0,2.0,4.0
51318,2014,2.0,2.0,1.0,0.0,1.0,1.0,5.0,3.0,2.0
51319,2014,1.0,3.0,2.0,1.0,1.0,1.0,1.0,5.0,5.0
51320,2014,2.0,2.0,1.0,1.0,1.0,1.0,1.0,5.0,2.0
51321,2014,1.0,4.0,,0.0,0.0,1.0,1.0,1.0,5.0
51322,2014,2.0,8.0,2.0,1.0,1.0,1.0,3.0,1.0,5.0
51323,2014,,3.0,2.0,1.0,1.0,1.0,2.0,5.0,4.0
51324,2014,2.0,4.0,2.0,1.0,1.0,1.0,5.0,5.0,2.0
51325,2014,1.0,4.0,,1.0,1.0,1.0,4.0,2.0,4.0
51326,2014,2.0,5.0,,0.0,0.0,1.0,1.0,3.0,5.0
51327,2014,1.0,2.0,,0.0,0.0,1.0,4.0,4.0,5.0
51328,2014,2.0,4.0,,1.0,0.0,1.0,4.0,4.0,4.0
51329,2014,2.0,8.0,,1.0,1.0,1.0,4.0,4.0,4.0
51330,2014,1.0,3.0,1.0,1.0,1.0,1.0,1.0,1.0,5.0
51331,2014,2.0,3.0,1.0,1.0,1.0,1.0,3.0,5.0,4.0
51332,2014,1.0,8.0,2.0,1.0,1.0,1.0,2.0,1.0,3.0
51333,2014,1.0,8.0,1.0,0.0,0.0,1.0,1.0,1.0,1.0
51334,2014,2.0,8.0,,1.0,1.0,1.0,3.0,5.0,2.0
51335,2014,2.0,3.0,,1.0,1.0,1.0,1.0,4.0,3.0
51336,2014,2.0,5.0,,1.0,1.0,1.0,5.0,5.0,2.0
51337,2014,1.0,3.0,,0.0,1.0,1.0,4.0,2.0,5.0
51338,2014,1.0,3.0,1.0,0.0,0.0,0.0,3.0,4.0,5.0
51339,2014,2.0,8.0,,0.0,0.0,0.0,4.0,4.0,4.0
51340,2014,2.0,4.0,0.0,0.0,1.0,1.0,3.0,2.0,1.0
51341,2014,1.0,8.0,,1.0,0.0,1.0,3.0,5.0,5.0
51342,2014,1.0,1.0,2.0,0.0,0.0,1.0,1.0,1.0,4.0
51343,2014,2.0,4.0,0.0,0.0,1.0,1.0,2.0,3.0,3.0
51344,2014,1.0,2.0,2.0,1.0,1.0,1.0,2.0,2.0,5.0
51345,2014,2.0,3.0,2.0,1.0,1.0,1.0,4.0,3.0,5.0
51346,2014,2.0,4.0,,1.0,1.0,1.0,1.0,2.0,4.0
51347,2014,1.0,4.0,,1.0,1.0,0.0,4.0,4.0,5.0
51348,2014,2.0,8.0,1.0,1.0,1.0,1.0,4.0,4.0,4.0
51349,2014,2.0,6.0,,0.0,1.0,0.0,,,
51350,2014,1.0,,,,,,,,
51351,2014,,,,,,,,,
51352,2014,1.0,4.0,1.0,1.0,1.0,1.0,2.0,1.0,4.0
51353,2014,1.0,2.0,1.0,1.0,0.0,0.0,2.0,3.0,4.0
51354,2014,2.0,,2.0,,,,,,
51355,2014,2.0,4.0,,0.0,1.0,1.0,5.0,2.0,5.0
51356,2014,1.0,,,,,,,,
51357,2014,,,,,,,,,
51358,2014,1.0,2.0,1.0,1.0,1.0,0.0,3.0,3.0,4.0
51359,2014,1.0,5.0,1.0,1.0,1.0,1.0,2.0,3.0,4.0
51360,2014,2.0,8.0,,0.0,1.0,1.0,,,
51361,2014,2.0,4.0,2.0,1.0,1.0,1.0,5.0,1.0,4.0
51362,2014,1.0,5.0,,1.0,0.0,1.0,4.0,5.0,3.0
51363,2014,1.0,3.0,,1.0,0.0,1.0,1.0,1.0,5.0
51364,2014,1.0,2.0,,1.0,1.0,1.0,3.0,5.0,4.0
51365,2014,2.0,8.0,2.0,1.0,1.0,1.0,5.0,1.0,5.0
51366,2014,1.0,4.0,2.0,1.0,1.0,1.0,,,
51367,2014,1.0,4.0,,1.0,1.0,1.0,1.0,4.0,4.0
51368,2014,1.0,8.0,0.0,0.0,0.0,0.0,1.0,1.0,5.0
51369,2014,1.0,4.0,2.0,1.0,1.0,1.0,,,
51370,2014,1.0,8.0,,0.0,0.0,1.0,1.0,2.0,1.0
51371,2014,2.0,8.0,,1.0,1.0,1.0,1.0,1.0,1.0
51372,2014,1.0,4.0,1.0,1.0,1.0,1.0,,,
51373,2014,,,,,,,,,
51374,2014,1.0,3.0,2.0,1.0,0.0,1.0,3.0,1.0,5.0
51375,2014,2.0,3.0,,0.0,1.0,1.0,2.0,4.0,4.0
51376,2014,1.0,2.0,,1.0,1.0,1.0,2.0,2.0,4.0
51377,2014,2.0,8.0,,1.0,1.0,1.0,4.0,4.0,4.0
51378,2014,,3.0,1.0,0.0,1.0,1.0,4.0,2.0,4.0
51379,2014,1.0,2.0,1.0,1.0,1.0,1.0,2.0,3.0,4.0
51380,2014,2.0,3.0,1.0,0.0,1.0,0.0,2.0,,4.0
51381,2014,1.0,3.0,,1.0,1.0,1.0,3.0,4.0,4.0
51382,2014,1.0,1.0,1.0,0.0,1.0,1.0,2.0,3.0,5.0
51383,2014,2.0,8.0,2.0,1.0,0.0,1.0,1.0,1.0,5.0
51384,2014,2.0,,,,,,,,
51385,2014,1.0,,,,,,,,
51386,2014,2.0,3.0,2.0,1.0,1.0,1.0,3.0,2.0,5.0
51387,2014,2.0,,2.0,1.0,1.0,1.0,,,
51388,2014,2.0,4.0,,0.0,0.0,0.0,5.0,4.0,4.0
51389,2014,1.0,8.0,1.0,0.0,0.0,1.0,2.0,,
51390,2014,2.0,8.0,,1.0,1.0,1.0,2.0,,
51391,2014,2.0,6.0,2.0,0.0,1.0,1.0,4.0,1.0,5.0
51392,2014,2.0,4.0,1.0,1.0,1.0,1.0,4.0,2.0,5.0
51393,2014,2.0,5.0,2.0,0.0,1.0,1.0,3.0,4.0,3.0
51394,2014,2.0,4.0,2.0,1.0,1.0,1.0,2.0,4.0,3.0
51395,2014,2.0,4.0,2.0,1.0,1.0,1.0,1.0,2.0,4.0
51396,2014,2.0,8.0,,1.0,1.0,1.0,3.0,4.0,3.0
51397,2014,2.0,8.0,1.0,1.0,1.0,1.0,2.0,3.0,4.0
51398,2014,2.0,4.0,,1.0,1.0,1.0,2.0,3.0,4.0
51399,2014,1.0,4.0,,1.0,1.0,1.0,1.0,2.0,4.0
51400,2014,1.0,,,1.0,1.0,1.0,1.0,1.0,4.0
51401,2014,2.0,2.0,2.0,1.0,1.0,1.0,1.0,1.0,5.0
51402,2014,2.0,4.0,2.0,1.0,1.0,1.0,1.0,2.0,5.0
51403,2014,1.0,2.0,1.0,1.0,1.0,1.0,3.0,4.0,3.0
51404,2014,1.0,3.0,1.0,1.0,1.0,1.0,2.0,2.0,5.0
51405,2014,2.0,3.0,2.0,0.0,0.0,1.0,4.0,5.0,4.0
51406,2014,1.0,,,1.0,1.0,1.0,,,
51407,2014,1.0,1.0,1.0,0.0,1.0,1.0,2.0,4.0,4.0
51408,2014,1.0,2.0,0.0,0.0,1.0,1.0,5.0,1.0,4.0
51409,2014,1.0,3.0,2.0,1.0,1.0,1.0,2.0,2.0,5.0
51410,2014,2.0,4.0,0.0,0.0,1.0,1.0,3.0,4.0,4.0
51411,2014,1.0,8.0,1.0,1.0,1.0,1.0,1.0,1.0,5.0
51412,2014,1.0,2.0,2.0,1.0,1.0,1.0,3.0,3.0,4.0
51413,2014,1.0,3.0,0.0,0.0,1.0,1.0,3.0,5.0,5.0
51414,2014,2.0,3.0,1.0,1.0,1.0,1.0,4.0,5.0,2.0
51415,2014,2.0,8.0,,1.0,1.0,1.0,1.0,1.0,5.0
51416,2014,2.0,4.0,2.0,1.0,1.0,1.0,2.0,2.0,4.0
51417,2014,2.0,5.0,1.0,1.0,1.0,1.0,3.0,4.0,4.0
51418,2014,2.0,5.0,2.0,1.0,1.0,1.0,5.0,5.0,5.0
51419,2014,2.0,8.0,,1.0,1.0,0.0,3.0,5.0,5.0
51420,2014,2.0,3.0,1.0,0.0,1.0,1.0,1.0,2.0,2.0
51421,2014,2.0,2.0,1.0,0.0,1.0,0.0,2.0,4.0,4.0
51422,2014,2.0,8.0,1.0,1.0,0.0,1.0,3.0,4.0,4.0
51423,2014,1.0,8.0,2.0,1.0,0.0,1.0,2.0,2.0,3.0
51424,2014,2.0,4.0,1.0,1.0,1.0,1.0,2.0,4.0,4.0
51425,2014,1.0,4.0,,1.0,0.0,1.0,4.0,4.0,5.0
51426,2014,1.0,8.0,,1.0,1.0,0.0,4.0,1.0,4.0
51427,2014,1.0,3.0,,1.0,1.0,1.0,2.0,4.0,3.0
51428,2014,1.0,3.0,,0.0,1.0,1.0,2.0,1.0,4.0
51429,2014,1.0,3.0,2.0,1.0,1.0,1.0,3.0,3.0,4.0
51430,2014,1.0,2.0,1.0,1.0,1.0,1.0,1.0,5.0,5.0
51431,2014,1.0,4.0,1.0,0.0,1.0,1.0,1.0,5.0,4.0
51432,2014,2.0,8.0,,1.0,0.0,1.0,4.0,4.0,2.0
51433,2014,1.0,1.0,1.0,1.0,1.0,1.0,4.0,4.0,2.0
51434,2014,1.0,2.0,2.0,1.0,0.0,1.0,2.0,4.0,3.0
51435,2014,2.0,3.0,1.0,1.0,1.0,1.0,4.0,1.0,5.0
51436,2014,1.0,4.0,,1.0,0.0,1.0,1.0,1.0,5.0
51437,2014,1.0,,,,,,2.0,4.0,3.0
51438,2014,2.0,2.0,2.0,1.0,1.0,1.0,3.0,5.0,4.0
51439,2014,2.0,3.0,2.0,1.0,1.0,1.0,1.0,1.0,5.0
51440,2014,2.0,8.0,0.0,0.0,0.0,1.0,1.0,4.0,5.0
51441,2014,2.0,8.0,,,,,4.0,5.0,4.0
51442,2014,2.0,4.0,1.0,0.0,0.0,1.0,4.0,5.0,4.0
51443,2014,1.0,3.0,2.0,1.0,1.0,1.0,5.0,5.0,3.0
51444,2014,2.0,4.0,2.0,0.0,1.0,1.0,1.0,4.0,5.0
51445,2014,2.0,4.0,1.0,1.0,1.0,1.0,5.0,2.0,2.0
51446,2014,1.0,8.0,2.0,1.0,0.0,1.0,4.0,4.0,4.0
51447,2014,2.0,8.0,2.0,1.0,1.0,1.0,4.0,2.0,5.0
51448,2014,2.0,4.0,2.0,1.0,1.0,1.0,2.0,3.0,4.0
51449,2014,2.0,8.0,1.0,1.0,0.0,1.0,4.0,4.0,4.0
51450,2014,2.0,8.0,1.0,1.0,1.0,1.0,2.0,3.0,4.0
51451,2014,1.0,3.0,2.0,1.0,1.0,1.0,2.0,1.0,4.0
51452,2014,2.0,4.0,2.0,1.0,1.0,1.0,5.0,5.0,3.0
51453,2014,2.0,4.0,1.0,1.0,1.0,1.0,2.0,2.0,4.0
51454,2014,2.0,3.0,0.0,0.0,0.0,1.0,4.0,4.0,3.0
51455,2014,2.0,4.0,2.0,0.0,1.0,1.0,2.0,2.0,4.0
51456,2014,2.0,4.0,1.0,0.0,1.0,1.0,4.0,5.0,5.0
51457,2014,1.0,4.0,,0.0,1.0,1.0,1.0,3.0,4.0
51458,2014,2.0,5.0,1.0,1.0,1.0,1.0,4.0,2.0,4.0
51459,2014,1.0,4.0,1.0,1.0,1.0,1.0,2.0,4.0,4.0
51460,2014,1.0,3.0,1.0,0.0,1.0,1.0,1.0,1.0,5.0
51461,2014,2.0,8.0,,1.0,1.0,1.0,2.0,3.0,5.0
51462,2014,2.0,2.0,2.0,1.0,1.0,1.0,3.0,3.0,5.0
51463,2014,1.0,3.0,2.0,1.0,1.0,1.0,2.0,3.0,4.0
51464,2014,2.0,4.0,1.0,1.0,1.0,1.0,1.0,3.0,4.0
51465,2014,2.0,5.0,,1.0,1.0,1.0,2.0,4.0,5.0
51466,2014,2.0,4.0,1.0,1.0,1.0,1.0,2.0,1.0,5.0
51467,2014,1.0,5.0,2.0,1.0,1.0,1.0,1.0,1.0,5.0
51468,2014,1.0,,,1.0,1.0,1.0,5.0,4.0,4.0
51469,2014,2.0,8.0,2.0,1.0,1.0,1.0,2.0,3.0,4.0
51470,2014,2.0,8.0,1.0,1.0,1.0,1.0,2.0,4.0,4.0
51471,2014,1.0,,1.0,1.0,1.0,0.0,1.0,4.0,5.0
51472,2014,1.0,3.0,2.0,1.0,1.0,1.0,4.0,4.0,3.0
51473,2014,2.0,8.0,2.0,1.0,1.0,1.0,4.0,4.0,4.0
51474,2014,2.0,8.0,,1.0,1.0,1.0,5.0,3.0,5.0
51475,2014,2.0,5.0,1.0,0.0,1.0,1.0,,,
51476,2014,2.0,8.0,,1.0,1.0,1.0,2.0,2.0,5.0
51477,2014,1.0,8.0,1.0,1.0,1.0,1.0,2.0,1.0,4.0
51478,2014,2.0,8.0,0.0,0.0,1.0,1.0,3.0,4.0,4.0
51479,2014,1.0,8.0,0.0,0.0,1.0,1.0,2.0,1.0,5.0
51480,2014,1.0,8.0,2.0,1.0,1.0,1.0,2.0,4.0,4.0
51481,2014,1.0,8.0,,1.0,1.0,1.0,2.0,3.0,4.0
51482,2014,2.0,5.0,1.0,1.0,1.0,1.0,2.0,5.0,3.0
51483,2014,2.0,8.0,2.0,1.0,0.0,1.0,2.0,4.0,4.0
51484,2014,1.0,8.0,1.0,0.0,1.0,1.0,3.0,2.0,4.0
51485,2014,2.0,5.0,1.0,1.0,1.0,1.0,5.0,5.0,3.0
51486,2014,2.0,8.0,1.0,1.0,1.0,1.0,,,
51487,2014,2.0,8.0,,1.0,1.0,1.0,2.0,1.0,2.0
51488,2014,1.0,3.0,1.0,1.0,1.0,1.0,3.0,2.0,3.0
51489,2014,2.0,8.0,,1.0,1.0,1.0,3.0,2.0,4.0
51490,2014,1.0,8.0,1.0,1.0,1.0,1.0,2.0,3.0,3.0
51491,2014,1.0,8.0,1.0,1.0,1.0,1.0,2.0,2.0,4.0
51492,2014,2.0,8.0,1.0,1.0,0.0,1.0,4.0,4.0,3.0
51493,2014,1.0,4.0,2.0,1.0,1.0,1.0,1.0,1.0,5.0
51494,2014,2.0,3.0,,1.0,1.0,1.0,4.0,4.0,3.0
51495,2014,1.0,4.0,1.0,1.0,1.0,1.0,1.0,1.0,5.0
51496,2014,2.0,8.0,1.0,1.0,1.0,1.0,2.0,2.0,4.0
51497,2014,2.0,2.0,2.0,1.0,1.0,1.0,1.0,4.0,4.0
51498,2014,1.0,2.0,1.0,1.0,1.0,1.0,1.0,5.0,1.0
51499,2014,2.0,8.0,,1.0,0.0,1.0,3.0,4.0,4.0
51500,2014,1.0,8.0,,1.0,0.0,1.0,,,
51501,2014,1.0,4.0,,1.0,0.0,1.0,,,
51502,2014,2.0,2.0,,1.0,1.0,0.0,5.0,1.0,3.0
51503,2014,1.0,3.0,,1.0,0.0,1.0,1.0,1.0,5.0
51504,2014,2.0,4.0,,0.0,0.0,0.0,4.0,1.0,5.0
51505,2014,1.0,3.0,,1.0,1.0,1.0,1.0,2.0,2.0
51506,2014,1.0,4.0,,0.0,1.0,1.0,1.0,5.0,5.0
51507,2014,2.0,4.0,2.0,1.0,1.0,1.0,2.0,5.0,5.0
51508,2014,1.0,8.0,,0.0,1.0,1.0,3.0,3.0,5.0
51509,2014,1.0,2.0,1.0,1.0,1.0,1.0,2.0,1.0,4.0
51510,2014,1.0,3.0,1.0,1.0,1.0,0.0,1.0,1.0,5.0
51511,2014,2.0,8.0,,0.0,1.0,1.0,,,
51512,2014,1.0,6.0,2.0,1.0,1.0,0.0,4.0,1.0,5.0
51513,2014,1.0,1.0,,1.0,1.0,1.0,1.0,1.0,4.0
51514,2014,2.0,8.0,,1.0,1.0,1.0,,,
51515,2014,1.0,2.0,,1.0,1.0,1.0,1.0,1.0,4.0
51516,2014,,8.0,1.0,1.0,0.0,1.0,1.0,1.0,5.0
51517,2014,2.0,2.0,2.0,1.0,0.0,1.0,2.0,1.0,5.0
51518,2014,1.0,2.0,2.0,1.0,1.0,1.0,,,
51519,2014,1.0,2.0,,1.0,1.0,1.0,,,
51520,2014,1.0,3.0,,1.0,1.0,1.0,,,
51521,2014,2.0,3.0,2.0,1.0,1.0,1.0,2.0,2.0,5.0
51522,2014,2.0,3.0,,1.0,1.0,1.0,5.0,3.0,3.0
51523,2014,2.0,3.0,,1.0,0.0,0.0,3.0,4.0,3.0
51524,2014,1.0,1.0,,1.0,0.0,1.0,2.0,4.0,2.0
51525,2014,1.0,8.0,,1.0,1.0,1.0,1.0,4.0,5.0
51526,2014,1.0,3.0,,0.0,1.0,1.0,5.0,3.0,3.0
51527,2014,1.0,8.0,1.0,1.0,1.0,1.0,1.0,1.0,1.0
51528,2014,1.0,8.0,,1.0,0.0,1.0,2.0,3.0,3.0
51529,2014,1.0,8.0,,1.0,1.0,1.0,,,
51530,2014,1.0,8.0,2.0,0.0,1.0,1.0,4.0,3.0,4.0
51531,2014,1.0,3.0,1.0,1.0,1.0,1.0,1.0,1.0,1.0
51532,2014,2.0,3.0,2.0,1.0,1.0,1.0,3.0,1.0,5.0
51533,2014,1.0,2.0,2.0,1.0,1.0,1.0,4.0,1.0,5.0
51534,2014,1.0,1.0,2.0,1.0,1.0,1.0,1.0,1.0,5.0
51535,2014,2.0,2.0,1.0,1.0,1.0,1.0,3.0,2.0,5.0
51536,2014,1.0,3.0,,0.0,1.0,1.0,5.0,2.0,5.0
51537,2014,1.0,3.0,2.0,0.0,0.0,0.0,1.0,4.0,5.0
51538,2014,1.0,1.0,2.0,1.0,1.0,1.0,5.0,4.0,4.0
51539,2014,1.0,3.0,2.0,1.0,1.0,1.0,1.0,1.0,5.0
51540,2014,1.0,2.0,1.0,1.0,1.0,1.0,1.0,1.0,1.0
51541,2014,2.0,3.0,1.0,0.0,1.0,1.0,4.0,4.0,4.0
51542,2014,2.0,3.0,,0.0,1.0,1.0,3.0,5.0,4.0
51543,2014,1.0,2.0,1.0,1.0,1.0,1.0,4.0,5.0,2.0
51544,2014,2.0,4.0,,1.0,1.0,1.0,2.0,4.0,4.0
51545,2014,1.0,5.0,1.0,1.0,1.0,1.0,2.0,4.0,1.0
51546,2014,1.0,3.0,,1.0,1.0,1.0,2.0,4.0,1.0
51547,2014,1.0,8.0,,1.0,1.0,1.0,5.0,5.0,4.0
51548,2014,2.0,8.0,2.0,0.0,1.0,1.0,1.0,1.0,1.0
51549,2014,,3.0,,1.0,1.0,1.0,,,
51550,2014,1.0,2.0,,0.0,0.0,0.0,1.0,1.0,1.0
51551,2014,1.0,2.0,2.0,0.0,1.0,1.0,1.0,1.0,5.0
51552,2014,2.0,,,0.0,0.0,1.0,,,
51553,2014,1.0,1.0,,1.0,0.0,0.0,3.0,4.0,4.0
51554,2014,2.0,3.0,2.0,1.0,1.0,1.0,5.0,5.0,5.0
51555,2014,1.0,2.0,2.0,0.0,1.0,1.0,1.0,3.0,3.0
51556,2014,2.0,3.0,,1.0,1.0,1.0,2.0,4.0,3.0
51557,2014,1.0,3.0,,0.0,0.0,1.0,3.0,4.0,5.0
51558,2014,2.0,8.0,,1.0,1.0,1.0,5.0,5.0,5.0
51559,2014,2.0,8.0,,1.0,1.0,1.0,3.0,5.0,5.0
51560,2014,1.0,2.0,,1.0,0.0,1.0,1.0,4.0,4.0
51561,2014,1.0,6.0,1.0,0.0,1.0,1.0,4.0,5.0,4.0
51562,2014,2.0,4.0,1.0,1.0,0.0,1.0,4.0,4.0,4.0
51563,2014,2.0,2.0,,1.0,0.0,1.0,4.0,5.0,4.0
51564,2014,1.0,8.0,1.0,1.0,1.0,1.0,3.0,2.0,5.0
51565,2014,1.0,,,0.0,0.0,0.0,5.0,5.0,5.0
51566,2014,1.0,5.0,2.0,1.0,1.0,1.0,4.0,5.0,4.0
51567,2014,2.0,8.0,1.0,0.0,0.0,0.0,4.0,4.0,4.0
51568,2014,2.0,8.0,1.0,1.0,1.0,1.0,2.0,3.0,4.0
51569,2014,1.0,8.0,1.0,1.0,1.0,1.0,1.0,4.0,5.0
51570,2014,2.0,3.0,,0.0,0.0,1.0,4.0,2.0,5.0
51571,2014,2.0,8.0,,0.0,0.0,0.0,4.0,3.0,1.0
51572,2014,,8.0,1.0,1.0,0.0,1.0,2.0,3.0,4.0
51573,2014,2.0,8.0,,0.0,0.0,1.0,3.0,3.0,3.0
51574,2014,2.0,8.0,,0.0,0.0,1.0,3.0,3.0,3.0
51575,2014,,3.0,,0.0,0.0,0.0,2.0,1.0,4.0
51576,2014,2.0,8.0,1.0,1.0,0.0,0.0,2.0,1.0,4.0
51577,2014,1.0,8.0,,1.0,1.0,1.0,4.0,5.0,3.0
51578,2014,,3.0,2.0,1.0,1.0,1.0,1.0,1.0,5.0
51579,2014,2.0,2.0,1.0,0.0,1.0,1.0,4.0,3.0,3.0
51580,2014,1.0,3.0,1.0,1.0,1.0,1.0,4.0,3.0,3.0
51581,2014,,,,,,,3.0,2.0,4.0
51582,2014,2.0,8.0,1.0,1.0,1.0,1.0,,,
51583,2014,1.0,3.0,,0.0,0.0,1.0,3.0,3.0,3.0
51584,2014,2.0,8.0,,1.0,0.0,1.0,5.0,5.0,5.0
51585,2014,1.0,,,,,,,,
51586,2014,2.0,6.0,,0.0,0.0,0.0,1.0,1.0,1.0
51587,2014,1.0,4.0,2.0,1.0,0.0,0.0,5.0,4.0,5.0
51588,2014,2.0,3.0,2.0,1.0,1.0,1.0,4.0,5.0,4.0
51589,2014,2.0,8.0,0.0,0.0,1.0,1.0,1.0,3.0,5.0
51590,2014,1.0,4.0,,0.0,0.0,0.0,4.0,5.0,3.0
51591,2014,1.0,3.0,1.0,1.0,1.0,1.0,5.0,4.0,5.0
51592,2014,2.0,3.0,2.0,1.0,1.0,1.0,2.0,1.0,5.0
51593,2014,2.0,4.0,,1.0,1.0,1.0,3.0,1.0,4.0
51594,2014,1.0,3.0,2.0,1.0,0.0,1.0,1.0,1.0,5.0
51595,2014,1.0,8.0,,1.0,1.0,1.0,2.0,2.0,4.0
51596,2014,1.0,3.0,2.0,1.0,1.0,1.0,2.0,2.0,4.0
51597,2014,1.0,2.0,2.0,1.0,1.0,1.0,4.0,4.0,4.0
51598,2014,2.0,8.0,2.0,0.0,0.0,0.0,2.0,4.0,1.0
51599,2014,1.0,8.0,2.0,0.0,1.0,1.0,5.0,5.0,1.0
51600,2014,2.0,8.0,,0.0,0.0,1.0,3.0,4.0,4.0
51601,2014,2.0,8.0,,0.0,0.0,0.0,2.0,1.0,5.0
51602,2014,1.0,8.0,2.0,0.0,1.0,1.0,2.0,,
51603,2014,1.0,8.0,,1.0,1.0,1.0,3.0,4.0,4.0
51604,2014,1.0,2.0,1.0,1.0,1.0,1.0,1.0,1.0,5.0
51605,2014,1.0,8.0,,0.0,1.0,1.0,3.0,1.0,5.0
51606,2014,1.0,1.0,,1.0,1.0,0.0,,,
51607,2014,1.0,6.0,1.0,1.0,0.0,1.0,2.0,4.0,5.0
51608,2014,2.0,8.0,1.0,1.0,1.0,1.0,2.0,5.0,4.0
51609,2014,1.0,8.0,2.0,1.0,0.0,1.0,4.0,2.0,2.0
51610,2014,1.0,1.0,2.0,1.0,1.0,1.0,2.0,3.0,2.0
51611,2014,1.0,8.0,,1.0,1.0,1.0,1.0,1.0,1.0
51612,2014,1.0,3.0,,0.0,1.0,1.0,1.0,2.0,4.0
51613,2014,,2.0,1.0,1.0,1.0,1.0,1.0,3.0,4.0
51614,2014,2.0,3.0,,1.0,1.0,1.0,2.0,4.0,5.0
51615,2014,2.0,8.0,2.0,1.0,1.0,1.0,4.0,4.0,3.0
51616,2014,1.0,3.0,,1.0,1.0,1.0,2.0,1.0,5.0
51617,2014,1.0,2.0,2.0,1.0,1.0,1.0,2.0,2.0,5.0
51618,2014,1.0,3.0,1.0,1.0,0.0,1.0,5.0,4.0,4.0
51619,2014,1.0,3.0,2.0,1.0,1.0,1.0,3.0,3.0,4.0
51620,2014,1.0,3.0,,1.0,0.0,1.0,2.0,3.0,4.0
51621,2014,1.0,3.0,2.0,1.0,1.0,1.0,5.0,5.0,4.0
51622,2014,2.0,2.0,2.0,1.0,1.0,1.0,2.0,2.0,1.0
51623,2014,1.0,2.0,,1.0,0.0,1.0,2.0,4.0,4.0
51624,2014,2.0,2.0,2.0,0.0,1.0,1.0,4.0,1.0,4.0
51625,2014,1.0,2.0,1.0,1.0,1.0,1.0,4.0,5.0,4.0
51626,2014,1.0,2.0,1.0,0.0,1.0,1.0,3.0,2.0,4.0
51627,2014,2.0,8.0,,0.0,1.0,1.0,,,
51628,2014,,3.0,2.0,1.0,1.0,1.0,1.0,1.0,2.0
51629,2014,1.0,8.0,2.0,0.0,0.0,1.0,4.0,,
51630,2014,1.0,8.0,2.0,1.0,1.0,1.0,3.0,4.0,4.0
51631,2014,2.0,8.0,,1.0,0.0,1.0,4.0,5.0,5.0
51632,2014,1.0,3.0,,1.0,1.0,1.0,1.0,1.0,1.0
51633,2014,2.0,3.0,1.0,0.0,1.0,1.0,2.0,3.0,5.0
51634,2014,1.0,,,,,,,,
51635,2014,2.0,3.0,1.0,0.0,0.0,1.0,,,
51636,2014,1.0,4.0,,0.0,0.0,0.0,,,
51637,2014,1.0,3.0,2.0,1.0,1.0,1.0,2.0,1.0,4.0
51638,2014,2.0,4.0,,1.0,1.0,1.0,4.0,4.0,4.0
51639,2014,1.0,4.0,1.0,1.0,1.0,1.0,1.0,4.0,5.0
51640,2014,1.0,8.0,2.0,1.0,0.0,1.0,5.0,1.0,5.0
51641,2014,1.0,3.0,2.0,1.0,0.0,1.0,,,
51642,2014,1.0,8.0,,0.0,0.0,1.0,4.0,3.0,5.0
51643,2014,1.0,8.0,,0.0,0.0,0.0,4.0,4.0,4.0
51644,2014,2.0,8.0,,1.0,1.0,1.0,5.0,5.0,3.0
51645,2014,2.0,4.0,1.0,1.0,1.0,1.0,4.0,3.0,4.0
51646,2014,2.0,4.0,2.0,1.0,1.0,1.0,4.0,2.0,5.0
51647,2014,1.0,3.0,,1.0,1.0,1.0,1.0,3.0,4.0
51648,2014,2.0,8.0,,0.0,0.0,1.0,5.0,5.0,4.0
51649,2014,1.0,3.0,,1.0,1.0,1.0,1.0,1.0,5.0
51650,2014,1.0,4.0,1.0,1.0,1.0,1.0,4.0,4.0,4.0
51651,2014,2.0,4.0,2.0,1.0,0.0,1.0,4.0,5.0,5.0
51652,2014,,5.0,0.0,0.0,0.0,0.0,5.0,5.0,5.0
51653,2014,,8.0,0.0,0.0,0.0,0.0,,,
51654,2014,1.0,3.0,2.0,1.0,1.0,1.0,1.0,1.0,4.0
51655,2014,2.0,8.0,,1.0,1.0,1.0,5.0,5.0,5.0
51656,2014,1.0,3.0,2.0,0.0,0.0,1.0,3.0,1.0,3.0
51657,2014,1.0,4.0,,1.0,0.0,1.0,1.0,4.0,4.0
51658,2014,2.0,8.0,1.0,1.0,0.0,1.0,1.0,3.0,4.0
51659,2014,2.0,8.0,,1.0,1.0,1.0,1.0,3.0,2.0
51660,2014,2.0,8.0,2.0,0.0,0.0,1.0,5.0,5.0,3.0
51661,2014,1.0,8.0,2.0,1.0,1.0,0.0,3.0,,
51662,2014,1.0,8.0,1.0,1.0,1.0,1.0,3.0,3.0,3.0
51663,2014,1.0,3.0,2.0,1.0,1.0,1.0,1.0,3.0,4.0
51664,2014,2.0,8.0,,1.0,1.0,0.0,4.0,1.0,5.0
51665,2014,,,,,,,,,
51666,2014,1.0,4.0,2.0,0.0,1.0,1.0,1.0,5.0,5.0
51667,2014,2.0,3.0,,0.0,1.0,1.0,2.0,2.0,4.0
51668,2014,2.0,2.0,0.0,0.0,1.0,1.0,2.0,2.0,5.0
51669,2014,1.0,3.0,2.0,1.0,1.0,1.0,5.0,1.0,1.0
51670,2014,1.0,1.0,,0.0,0.0,1.0,3.0,5.0,1.0
51671,2014,1.0,2.0,2.0,1.0,1.0,1.0,1.0,1.0,5.0
51672,2014,1.0,2.0,,1.0,1.0,1.0,1.0,2.0,4.0
51673,2014,1.0,8.0,2.0,1.0,1.0,1.0,3.0,5.0,5.0
51674,2014,1.0,8.0,,1.0,1.0,1.0,2.0,5.0,5.0
51675,2014,2.0,8.0,1.0,1.0,1.0,1.0,1.0,4.0,5.0
51676,2014,1.0,3.0,2.0,1.0,1.0,1.0,4.0,3.0,2.0
51677,2014,1.0,8.0,,1.0,1.0,1.0,1.0,5.0,5.0
51678,2014,2.0,3.0,,1.0,1.0,1.0,5.0,1.0,4.0
51679,2014,2.0,2.0,2.0,1.0,1.0,1.0,4.0,5.0,4.0
51680,2014,1.0,4.0,1.0,1.0,1.0,1.0,3.0,1.0,2.0
51681,2014,1.0,8.0,,1.0,1.0,1.0,2.0,1.0,5.0
51682,2014,1.0,3.0,,1.0,1.0,1.0,4.0,4.0,4.0
51683,2014,1.0,8.0,2.0,1.0,1.0,1.0,4.0,4.0,4.0
51684,2014,1.0,3.0,0.0,0.0,1.0,1.0,3.0,1.0,5.0
51685,2014,2.0,8.0,0.0,0.0,1.0,1.0,4.0,4.0,4.0
51686,2014,2.0,3.0,1.0,0.0,1.0,1.0,,,
51687,2014,1.0,2.0,0.0,0.0,1.0,0.0,4.0,4.0,4.0
51688,2014,1.0,,,,,,,,
51689,2014,1.0,2.0,1.0,0.0,1.0,1.0,4.0,3.0,1.0
51690,2014,1.0,3.0,,0.0,0.0,1.0,1.0,3.0,5.0
51691,2014,1.0,8.0,0.0,0.0,0.0,1.0,,,
51692,2014,1.0,8.0,,1.0,0.0,1.0,4.0,4.0,4.0
51693,2014,,,,,,,,,
51694,2014,1.0,3.0,,1.0,1.0,1.0,,,
51695,2014,2.0,8.0,,1.0,0.0,1.0,2.0,4.0,5.0
51696,2014,1.0,8.0,,1.0,0.0,1.0,1.0,3.0,2.0
51697,2014,1.0,8.0,1.0,1.0,1.0,1.0,2.0,4.0,4.0
51698,2014,2.0,3.0,1.0,1.0,1.0,1.0,1.0,2.0,4.0
51699,2014,2.0,,2.0,1.0,1.0,1.0,4.0,1.0,5.0
51700,2014,1.0,8.0,0.0,0.0,1.0,1.0,3.0,3.0,3.0
51701,2014,1.0,2.0,1.0,1.0,1.0,1.0,1.0,4.0,5.0
51702,2014,2.0,3.0,,1.0,0.0,1.0,5.0,5.0,5.0
51703,2014,2.0,8.0,,1.0,1.0,1.0,3.0,4.0,3.0
51704,2014,2.0,2.0,1.0,0.0,1.0,1.0,4.0,5.0,4.0
51705,2014,2.0,2.0,1.0,1.0,1.0,1.0,1.0,1.0,5.0
51706,2014,1.0,8.0,2.0,1.0,1.0,1.0,1.0,5.0,5.0
51707,2014,2.0,2.0,1.0,0.0,1.0,1.0,2.0,4.0,5.0
51708,2014,1.0,3.0,,0.0,0.0,1.0,,,
51709,2014,2.0,8.0,,0.0,0.0,0.0,,,
51710,2014,1.0,4.0,2.0,1.0,1.0,1.0,3.0,3.0,2.0
51711,2014,1.0,8.0,,1.0,1.0,1.0,4.0,3.0,4.0
51712,2014,1.0,2.0,1.0,0.0,1.0,1.0,5.0,1.0,1.0
51713,2014,2.0,8.0,,1.0,0.0,1.0,4.0,5.0,5.0
51714,2014,1.0,3.0,1.0,1.0,1.0,1.0,2.0,1.0,4.0
51715,2014,,,2.0,1.0,1.0,1.0,,,
51716,2014,2.0,2.0,,,,,,,
51717,2014,1.0,3.0,0.0,0.0,1.0,1.0,2.0,1.0,5.0
51718,2014,1.0,2.0,1.0,0.0,1.0,1.0,2.0,2.0,5.0
51719,2014,1.0,4.0,,1.0,1.0,1.0,3.0,5.0,5.0
51720,2014,1.0,2.0,,1.0,1.0,1.0,1.0,1.0,5.0
51721,2014,1.0,8.0,1.0,1.0,1.0,1.0,3.0,4.0,2.0
51722,2014,1.0,2.0,2.0,1.0,1.0,1.0,1.0,1.0,5.0
51723,2014,1.0,3.0,2.0,1.0,0.0,1.0,5.0,5.0,2.0
51724,2014,1.0,8.0,2.0,1.0,1.0,1.0,1.0,1.0,5.0
51725,2014,1.0,5.0,2.0,1.0,0.0,1.0,2.0,5.0,2.0
51726,2014,1.0,3.0,,1.0,1.0,1.0,4.0,1.0,5.0
51727,2014,1.0,3.0,2.0,1.0,1.0,1.0,1.0,5.0,5.0
51728,2014,1.0,3.0,1.0,0.0,1.0,1.0,3.0,4.0,4.0
51729,2014,1.0,8.0,,1.0,1.0,1.0,,,
51730,2014,1.0,4.0,1.0,1.0,1.0,1.0,4.0,5.0,4.0
51731,2014,1.0,5.0,1.0,0.0,0.0,0.0,4.0,5.0,4.0
51732,2014,1.0,2.0,1.0,0.0,1.0,1.0,2.0,2.0,5.0
51733,2014,1.0,3.0,,1.0,0.0,1.0,4.0,4.0,4.0
51734,2014,1.0,8.0,1.0,1.0,1.0,1.0,2.0,4.0,4.0
51735,2014,1.0,3.0,2.0,0.0,1.0,1.0,1.0,1.0,1.0
51736,2014,1.0,1.0,,0.0,1.0,1.0,2.0,3.0,3.0
51737,2014,1.0,8.0,,1.0,1.0,1.0,2.0,2.0,4.0
51738,2014,1.0,8.0,,1.0,1.0,1.0,3.0,5.0,2.0
51739,2014,1.0,,1.0,1.0,1.0,1.0,1.0,1.0,1.0
51740,2014,2.0,4.0,2.0,1.0,1.0,0.0,5.0,5.0,4.0
51741,2014,1.0,3.0,,1.0,0.0,1.0,1.0,1.0,5.0
51742,2014,1.0,8.0,,1.0,1.0,0.0,1.0,1.0,5.0
51743,2014,2.0,3.0,,1.0,1.0,1.0,5.0,5.0,2.0
51744,2014,1.0,3.0,2.0,0.0,1.0,1.0,2.0,5.0,5.0
51745,2014,1.0,8.0,1.0,1.0,0.0,1.0,4.0,4.0,4.0
51746,2014,2.0,8.0,,1.0,1.0,1.0,4.0,4.0,4.0
51747,2014,2.0,8.0,1.0,1.0,0.0,1.0,4.0,4.0,2.0
51748,2014,1.0,3.0,1.0,0.0,0.0,1.0,,,
51749,2014,1.0,8.0,,1.0,0.0,1.0,4.0,5.0,4.0
51750,2014,2.0,8.0,2.0,1.0,1.0,1.0,1.0,3.0,4.0
51751,2014,2.0,8.0,,1.0,1.0,1.0,2.0,2.0,2.0
51752,2014,1.0,2.0,1.0,1.0,1.0,1.0,1.0,1.0,5.0
51753,2014,2.0,8.0,1.0,1.0,1.0,1.0,1.0,1.0,3.0
51754,2014,1.0,4.0,,0.0,1.0,1.0,1.0,1.0,4.0
51755,2014,1.0,3.0,,1.0,1.0,1.0,5.0,4.0,5.0
51756,2014,2.0,8.0,,1.0,1.0,1.0,,,
51757,2014,1.0,8.0,1.0,0.0,1.0,1.0,5.0,1.0,5.0
51758,2014,1.0,6.0,1.0,1.0,0.0,1.0,4.0,4.0,1.0
51759,2014,2.0,8.0,,1.0,0.0,1.0,3.0,5.0,4.0
51760,2014,1.0,8.0,,0.0,0.0,1.0,3.0,2.0,4.0
51761,2014,2.0,8.0,0.0,0.0,0.0,1.0,1.0,1.0,4.0
51762,2014,2.0,8.0,,1.0,0.0,1.0,4.0,4.0,5.0
51763,2014,1.0,6.0,1.0,0.0,0.0,1.0,1.0,4.0,5.0
51764,2014,2.0,8.0,1.0,1.0,1.0,1.0,4.0,5.0,5.0
51765,2014,2.0,4.0,1.0,1.0,1.0,1.0,2.0,1.0,5.0
51766,2014,2.0,4.0,1.0,1.0,1.0,1.0,5.0,3.0,4.0
51767,2014,,,,,,,,,
51768,2014,2.0,4.0,,1.0,1.0,1.0,,,
51769,2014,1.0,3.0,2.0,0.0,1.0,1.0,,,
51770,2014,2.0,5.0,1.0,1.0,1.0,1.0,4.0,5.0,5.0
51771,2014,2.0,3.0,2.0,1.0,0.0,1.0,2.0,1.0,5.0
51772,2014,1.0,3.0,1.0,0.0,1.0,1.0,1.0,1.0,5.0
51773,2014,1.0,8.0,1.0,0.0,0.0,1.0,3.0,3.0,3.0
51774,2014,1.0,8.0,1.0,0.0,0.0,0.0,2.0,4.0,4.0
51775,2014,2.0,4.0,2.0,1.0,1.0,1.0,2.0,4.0,5.0
51776,2014,2.0,8.0,2.0,1.0,1.0,1.0,,,
51777,2014,1.0,8.0,,0.0,1.0,1.0,1.0,1.0,5.0
51778,2014,2.0,8.0,,1.0,1.0,1.0,2.0,3.0,4.0
51779,2014,1.0,,,,,,5.0,5.0,5.0
51780,2014,2.0,4.0,1.0,1.0,1.0,1.0,1.0,1.0,5.0
51781,2014,2.0,8.0,2.0,0.0,0.0,1.0,2.0,3.0,4.0
51782,2014,1.0,,1.0,1.0,1.0,0.0,,,
51783,2014,1.0,2.0,0.0,0.0,1.0,1.0,1.0,1.0,5.0
51784,2014,2.0,8.0,,1.0,1.0,1.0,3.0,4.0,4.0
51785,2014,1.0,4.0,1.0,1.0,1.0,1.0,4.0,3.0,4.0
51786,2014,1.0,4.0,1.0,1.0,1.0,1.0,2.0,4.0,4.0
51787,2014,1.0,6.0,2.0,1.0,1.0,0.0,1.0,1.0,5.0
51788,2014,2.0,8.0,1.0,1.0,1.0,1.0,4.0,5.0,3.0
51789,2014,1.0,3.0,2.0,1.0,1.0,1.0,3.0,3.0,5.0
51790,2014,1.0,2.0,1.0,1.0,1.0,1.0,,,
51791,2014,1.0,2.0,2.0,1.0,1.0,1.0,1.0,1.0,5.0
51792,2014,1.0,3.0,2.0,0.0,1.0,1.0,4.0,1.0,5.0
51793,2014,1.0,3.0,,1.0,0.0,1.0,3.0,3.0,5.0
51794,2014,2.0,3.0,2.0,1.0,1.0,1.0,1.0,1.0,4.0
51795,2014,2.0,4.0,1.0,1.0,0.0,1.0,4.0,4.0,4.0
51796,2014,,,,,,,,,
51797,2014,2.0,,2.0,0.0,0.0,1.0,3.0,3.0,1.0
51798,2014,1.0,3.0,,0.0,0.0,1.0,1.0,1.0,5.0
51799,2014,1.0,8.0,2.0,1.0,1.0,1.0,4.0,5.0,5.0
51800,2014,,,,,,,,,
51801,2014,,4.0,,,,,,,
51802,2014,2.0,8.0,,1.0,0.0,1.0,4.0,1.0,4.0
51803,2014,1.0,,2.0,0.0,1.0,0.0,5.0,5.0,4.0
51804,2014,1.0,,,,,,,,
51805,2014,,,,,,,,,
51806,2014,1.0,8.0,,1.0,0.0,1.0,1.0,1.0,5.0
51807,2014,2.0,8.0,,1.0,0.0,1.0,1.0,1.0,5.0
51808,2014,2.0,5.0,1.0,1.0,1.0,1.0,1.0,1.0,4.0
51809,2014,2.0,8.0,2.0,1.0,1.0,1.0,4.0,5.0,1.0
51810,2014,2.0,3.0,1.0,1.0,1.0,1.0,3.0,3.0,3.0
51811,2014,1.0,4.0,1.0,1.0,0.0,1.0,1.0,1.0,5.0
51812,2014,2.0,8.0,1.0,0.0,1.0,1.0,,,
51813,2014,2.0,3.0,,0.0,0.0,0.0,1.0,3.0,5.0
51814,2014,2.0,8.0,,1.0,0.0,1.0,1.0,1.0,5.0
51815,2014,2.0,8.0,,1.0,0.0,1.0,1.0,1.0,5.0
51816,2014,1.0,8.0,2.0,1.0,0.0,1.0,1.0,3.0,5.0
51817,2014,2.0,4.0,,1.0,1.0,1.0,1.0,3.0,4.0
51818,2014,2.0,3.0,1.0,0.0,0.0,0.0,2.0,2.0,5.0
51819,2014,2.0,4.0,2.0,1.0,1.0,1.0,2.0,4.0,5.0
51820,2014,1.0,8.0,2.0,1.0,1.0,1.0,1.0,3.0,5.0
51821,2014,2.0,8.0,1.0,0.0,1.0,1.0,1.0,4.0,4.0
51822,2014,,3.0,2.0,1.0,0.0,1.0,4.0,5.0,3.0
51823,2014,2.0,8.0,2.0,1.0,1.0,1.0,3.0,5.0,5.0
51824,2014,1.0,3.0,,1.0,1.0,1.0,,,
51825,2014,1.0,8.0,,1.0,1.0,0.0,3.0,3.0,4.0
51826,2014,1.0,3.0,2.0,1.0,1.0,1.0,1.0,1.0,4.0
51827,2014,1.0,8.0,2.0,1.0,1.0,1.0,3.0,3.0,3.0
51828,2014,2.0,3.0,,1.0,1.0,1.0,,,
51829,2014,2.0,5.0,2.0,1.0,1.0,1.0,4.0,2.0,4.0
51830,2014,1.0,3.0,,1.0,1.0,1.0,1.0,5.0,4.0
51831,2014,1.0,3.0,,1.0,1.0,1.0,2.0,2.0,4.0
51832,2014,2.0,2.0,,0.0,1.0,1.0,1.0,1.0,4.0
51833,2014,1.0,8.0,,0.0,1.0,1.0,2.0,4.0,2.0
51834,2014,2.0,8.0,,1.0,0.0,1.0,5.0,,1.0
51835,2014,2.0,8.0,1.0,1.0,1.0,1.0,5.0,2.0,5.0
51836,2014,2.0,3.0,,0.0,0.0,0.0,3.0,4.0,3.0
51837,2014,1.0,3.0,,0.0,0.0,1.0,,,
51838,2014,2.0,8.0,2.0,0.0,1.0,1.0,2.0,4.0,3.0
51839,2014,1.0,8.0,1.0,1.0,1.0,1.0,2.0,4.0,3.0
51840,2014,2.0,8.0,,1.0,1.0,0.0,4.0,4.0,2.0
51841,2014,2.0,8.0,,0.0,1.0,1.0,5.0,4.0,4.0
51842,2014,2.0,8.0,2.0,0.0,1.0,1.0,4.0,4.0,5.0
51843,2014,2.0,8.0,1.0,1.0,1.0,1.0,2.0,2.0,4.0
51844,2014,2.0,8.0,1.0,1.0,1.0,1.0,4.0,1.0,5.0
51845,2014,1.0,8.0,1.0,0.0,1.0,1.0,4.0,5.0,5.0
51846,2014,1.0,3.0,2.0,1.0,1.0,1.0,2.0,4.0,2.0
51847,2014,2.0,8.0,2.0,1.0,0.0,1.0,3.0,3.0,3.0
51848,2014,2.0,8.0,2.0,0.0,1.0,1.0,1.0,1.0,5.0
51849,2014,2.0,3.0,,1.0,1.0,1.0,1.0,2.0,4.0
51850,2014,1.0,3.0,,1.0,1.0,1.0,2.0,2.0,4.0
51851,2014,1.0,8.0,1.0,1.0,1.0,1.0,1.0,1.0,5.0
51852,2014,1.0,3.0,1.0,1.0,1.0,0.0,4.0,3.0,2.0
51853,2014,2.0,8.0,,1.0,1.0,1.0,2.0,1.0,2.0
51854,2014,2.0,2.0,1.0,0.0,1.0,1.0,5.0,5.0,5.0
51855,2014,2.0,1.0,,1.0,1.0,1.0,1.0,1.0,5.0
51856,2014,2.0,8.0,,0.0,1.0,1.0,2.0,5.0,5.0
51857,2014,1.0,2.0,,1.0,1.0,0.0,1.0,4.0,4.0
51858,2014,1.0,1.0,1.0,1.0,1.0,1.0,4.0,2.0,4.0
51859,2014,1.0,,,,,,5.0,1.0,1.0
51860,2014,1.0,8.0,,0.0,1.0,0.0,4.0,3.0,4.0
51861,2014,1.0,8.0,1.0,1.0,0.0,1.0,,,
51862,2014,2.0,4.0,2.0,0.0,1.0,1.0,3.0,4.0,4.0
51863,2014,2.0,8.0,2.0,0.0,1.0,1.0,3.0,3.0,3.0
51864,2014,2.0,3.0,1.0,1.0,1.0,1.0,3.0,1.0,5.0
51865,2014,1.0,5.0,1.0,1.0,1.0,1.0,2.0,4.0,4.0
51866,2014,2.0,3.0,,0.0,1.0,0.0,4.0,3.0,4.0
51867,2014,2.0,3.0,2.0,1.0,1.0,1.0,3.0,3.0,4.0
51868,2014,2.0,1.0,1.0,0.0,1.0,1.0,2.0,1.0,4.0
51869,2014,1.0,2.0,2.0,1.0,1.0,1.0,1.0,1.0,1.0
51870,2014,1.0,5.0,2.0,1.0,1.0,1.0,1.0,2.0,5.0
51871,2014,1.0,3.0,2.0,0.0,1.0,1.0,5.0,5.0,4.0
51872,2014,1.0,3.0,2.0,0.0,1.0,1.0,3.0,3.0,5.0
51873,2014,1.0,8.0,,1.0,1.0,1.0,1.0,1.0,5.0
51874,2014,1.0,3.0,1.0,1.0,1.0,1.0,4.0,4.0,4.0
51875,2014,2.0,8.0,0.0,0.0,1.0,1.0,1.0,1.0,5.0
51876,2014,1.0,8.0,,1.0,0.0,1.0,4.0,5.0,2.0
51877,2014,1.0,8.0,2.0,1.0,1.0,1.0,1.0,1.0,5.0
51878,2014,2.0,4.0,2.0,1.0,1.0,1.0,5.0,4.0,2.0
51879,2014,2.0,8.0,1.0,1.0,1.0,1.0,2.0,5.0,2.0
51880,2014,2.0,2.0,,1.0,1.0,1.0,3.0,4.0,3.0
51881,2014,2.0,2.0,2.0,1.0,0.0,1.0,1.0,4.0,4.0
51882,2014,2.0,8.0,2.0,1.0,1.0,1.0,2.0,2.0,5.0
51883,2014,1.0,8.0,1.0,1.0,1.0,1.0,2.0,3.0,5.0
51884,2014,1.0,8.0,0.0,0.0,0.0,0.0,,,
51885,2014,1.0,8.0,0.0,0.0,1.0,0.0,2.0,2.0,5.0
51886,2014,1.0,8.0,,1.0,0.0,1.0,5.0,5.0,5.0
51887,2014,2.0,8.0,,1.0,0.0,1.0,1.0,1.0,5.0
51888,2014,2.0,3.0,2.0,1.0,1.0,1.0,2.0,3.0,5.0
51889,2014,,,,,,,,,
51890,2014,1.0,2.0,1.0,0.0,1.0,1.0,1.0,4.0,2.0
51891,2014,2.0,8.0,1.0,1.0,1.0,1.0,4.0,4.0,5.0
51892,2014,2.0,4.0,,1.0,0.0,1.0,1.0,3.0,5.0
51893,2014,2.0,4.0,2.0,0.0,0.0,1.0,1.0,5.0,5.0
51894,2014,,3.0,,1.0,1.0,0.0,3.0,3.0,3.0
51895,2014,1.0,2.0,,0.0,0.0,0.0,5.0,1.0,5.0
51896,2014,1.0,5.0,0.0,0.0,1.0,1.0,2.0,1.0,4.0
51897,2014,1.0,8.0,,1.0,1.0,1.0,4.0,2.0,5.0
51898,2014,1.0,8.0,,1.0,1.0,1.0,1.0,3.0,5.0
51899,2014,2.0,8.0,,1.0,1.0,1.0,4.0,4.0,2.0
51900,2014,1.0,8.0,,0.0,0.0,0.0,1.0,5.0,5.0
51901,2014,,,,,,,,,
51902,2014,1.0,4.0,1.0,0.0,0.0,1.0,3.0,3.0,3.0
51903,2014,2.0,6.0,2.0,1.0,1.0,1.0,1.0,5.0,
51904,2014,,,,,,,3.0,4.0,3.0
51905,2014,1.0,8.0,,1.0,1.0,1.0,1.0,2.0,4.0
51906,2014,2.0,4.0,,1.0,1.0,1.0,4.0,2.0,2.0
51907,2014,,,,,,,,,
51908,2014,1.0,3.0,,1.0,1.0,1.0,4.0,1.0,5.0
51909,2014,2.0,8.0,1.0,1.0,1.0,1.0,1.0,4.0,4.0
51910,2014,2.0,8.0,,1.0,1.0,1.0,4.0,5.0,1.0
51911,2014,2.0,8.0,0.0,0.0,0.0,1.0,5.0,1.0,5.0
51912,2014,2.0,3.0,,1.0,0.0,1.0,4.0,2.0,5.0
51913,2014,1.0,2.0,2.0,1.0,1.0,1.0,3.0,3.0,5.0
51914,2014,1.0,3.0,,1.0,1.0,1.0,1.0,1.0,5.0
51915,2014,2.0,8.0,,1.0,1.0,1.0,4.0,4.0,5.0
51916,2014,2.0,8.0,,0.0,0.0,0.0,3.0,2.0,1.0
51917,2014,2.0,8.0,2.0,1.0,1.0,1.0,3.0,4.0,3.0
51918,2014,2.0,3.0,2.0,1.0,1.0,1.0,2.0,5.0,2.0
51919,2014,1.0,1.0,2.0,0.0,1.0,0.0,3.0,2.0,1.0
51920,2014,1.0,8.0,1.0,1.0,1.0,1.0,4.0,5.0,4.0
51921,2014,1.0,8.0,,1.0,1.0,1.0,3.0,4.0,3.0
51922,2014,2.0,4.0,2.0,1.0,1.0,1.0,2.0,,
51923,2014,2.0,,,1.0,0.0,1.0,4.0,3.0,5.0
51924,2014,1.0,2.0,1.0,0.0,1.0,1.0,3.0,3.0,4.0
51925,2014,2.0,8.0,,1.0,1.0,1.0,,,
51926,2014,1.0,,,,,,,,
51927,2014,1.0,8.0,,1.0,0.0,1.0,1.0,1.0,5.0
51928,2014,2.0,8.0,,1.0,1.0,1.0,5.0,5.0,3.0
51929,2014,1.0,4.0,2.0,1.0,1.0,1.0,5.0,1.0,1.0
51930,2014,2.0,2.0,,1.0,1.0,1.0,1.0,4.0,2.0
51931,2014,,,,,,,,,
51932,2014,2.0,8.0,1.0,1.0,1.0,1.0,1.0,3.0,5.0
51933,2014,1.0,8.0,,0.0,1.0,1.0,4.0,4.0,4.0
51934,2014,1.0,8.0,2.0,1.0,0.0,1.0,3.0,3.0,4.0
51935,2014,2.0,3.0,,1.0,1.0,1.0,5.0,4.0,5.0
51936,2014,1.0,1.0,1.0,1.0,1.0,1.0,,,
51937,2014,2.0,,,1.0,1.0,1.0,2.0,3.0,4.0
51938,2014,1.0,3.0,2.0,1.0,1.0,1.0,4.0,4.0,5.0
51939,2014,2.0,4.0,1.0,1.0,0.0,1.0,1.0,4.0,3.0
51940,2014,2.0,8.0,,1.0,0.0,0.0,1.0,5.0,5.0
51941,2014,1.0,8.0,1.0,0.0,1.0,1.0,1.0,5.0,5.0
51942,2014,,,,,,,,,
51943,2014,2.0,8.0,1.0,0.0,1.0,1.0,4.0,3.0,4.0
51944,2014,1.0,8.0,,0.0,1.0,1.0,,,
51945,2014,2.0,8.0,,1.0,0.0,1.0,4.0,4.0,2.0
51946,2014,2.0,3.0,,1.0,1.0,1.0,2.0,4.0,3.0
51947,2014,1.0,2.0,,1.0,1.0,1.0,5.0,5.0,4.0
51948,2014,1.0,1.0,,0.0,1.0,1.0,1.0,1.0,5.0
51949,2014,1.0,8.0,,1.0,1.0,1.0,,,
51950,2014,2.0,4.0,,1.0,1.0,1.0,1.0,4.0,3.0
51951,2014,1.0,2.0,,1.0,1.0,1.0,4.0,4.0,4.0
51952,2014,1.0,2.0,,1.0,0.0,1.0,5.0,4.0,4.0
51953,2014,1.0,3.0,1.0,1.0,1.0,1.0,4.0,2.0,4.0
51954,2014,2.0,6.0,1.0,0.0,1.0,1.0,1.0,3.0,4.0
51955,2014,2.0,4.0,2.0,1.0,1.0,1.0,2.0,5.0,5.0
51956,2014,2.0,4.0,1.0,0.0,1.0,1.0,3.0,4.0,2.0
51957,2014,2.0,2.0,,1.0,1.0,1.0,4.0,5.0,1.0
51958,2014,1.0,8.0,1.0,1.0,1.0,0.0,1.0,1.0,5.0
51959,2014,2.0,2.0,,0.0,0.0,0.0,4.0,5.0,5.0
51960,2014,2.0,2.0,2.0,1.0,1.0,1.0,5.0,5.0,4.0
51961,2014,1.0,2.0,2.0,1.0,1.0,1.0,1.0,5.0,5.0
51962,2014,1.0,3.0,,1.0,1.0,1.0,2.0,3.0,5.0
51963,2014,1.0,8.0,1.0,0.0,1.0,1.0,5.0,5.0,5.0
51964,2014,1.0,2.0,2.0,0.0,1.0,1.0,5.0,5.0,1.0
51965,2014,1.0,4.0,1.0,0.0,1.0,1.0,2.0,2.0,3.0
51966,2014,1.0,1.0,,1.0,1.0,1.0,2.0,4.0,5.0
51967,2014,2.0,4.0,,1.0,1.0,1.0,4.0,3.0,5.0
51968,2014,1.0,8.0,2.0,1.0,1.0,1.0,3.0,3.0,
51969,2014,1.0,8.0,1.0,1.0,0.0,1.0,1.0,1.0,5.0
51970,2014,2.0,8.0,,1.0,1.0,1.0,5.0,4.0,4.0
51971,2014,1.0,8.0,2.0,1.0,0.0,1.0,4.0,1.0,4.0
51972,2014,,3.0,1.0,0.0,1.0,0.0,5.0,5.0,1.0
51973,2014,2.0,8.0,,0.0,0.0,0.0,5.0,3.0,4.0
51974,2014,2.0,4.0,1.0,0.0,1.0,0.0,2.0,2.0,4.0
51975,2014,1.0,3.0,2.0,1.0,1.0,1.0,3.0,3.0,4.0
51976,2014,1.0,3.0,1.0,1.0,1.0,1.0,3.0,1.0,5.0
51977,2014,1.0,,,1.0,1.0,1.0,2.0,5.0,4.0
51978,2014,2.0,3.0,1.0,1.0,1.0,1.0,1.0,2.0,5.0
51979,2014,1.0,8.0,2.0,1.0,0.0,1.0,4.0,3.0,4.0
51980,2014,2.0,8.0,,1.0,1.0,1.0,4.0,5.0,5.0
51981,2014,2.0,3.0,,1.0,1.0,1.0,4.0,4.0,5.0
51982,2014,1.0,2.0,1.0,0.0,1.0,0.0,4.0,4.0,4.0
51983,2014,1.0,1.0,,1.0,1.0,1.0,3.0,4.0,4.0
51984,2014,2.0,1.0,1.0,0.0,0.0,1.0,2.0,4.0,4.0
51985,2014,2.0,8.0,,1.0,1.0,1.0,1.0,1.0,5.0
51986,2014,1.0,3.0,1.0,0.0,1.0,1.0,2.0,3.0,4.0
51987,2014,1.0,4.0,2.0,1.0,1.0,1.0,3.0,1.0,5.0
51988,2014,2.0,3.0,1.0,1.0,1.0,1.0,3.0,3.0,5.0
51989,2014,2.0,3.0,2.0,1.0,1.0,1.0,3.0,5.0,4.0
51990,2014,1.0,3.0,2.0,1.0,1.0,1.0,1.0,1.0,5.0
51991,2014,2.0,8.0,2.0,1.0,1.0,1.0,2.0,4.0,5.0
51992,2014,1.0,3.0,2.0,1.0,1.0,1.0,5.0,5.0,1.0
51993,2014,2.0,5.0,2.0,0.0,1.0,1.0,2.0,3.0,4.0
51994,2014,2.0,4.0,,1.0,1.0,1.0,4.0,1.0,5.0
51995,2014,1.0,8.0,,1.0,1.0,1.0,1.0,4.0,4.0
51996,2014,2.0,8.0,2.0,1.0,1.0,1.0,5.0,5.0,5.0
51997,2014,1.0,8.0,2.0,1.0,1.0,1.0,1.0,1.0,5.0
51998,2014,2.0,4.0,2.0,1.0,1.0,1.0,2.0,1.0,5.0
51999,2014,2.0,3.0,2.0,1.0,1.0,1.0,1.0,2.0,5.0
52000,2014,1.0,8.0,,1.0,1.0,1.0,5.0,2.0,5.0
52001,2014,2.0,4.0,1.0,0.0,1.0,1.0,5.0,5.0,4.0
52002,2014,2.0,2.0,2.0,1.0,1.0,1.0,3.0,1.0,5.0
52003,2014,2.0,1.0,1.0,1.0,1.0,1.0,3.0,5.0,4.0
52004,2014,2.0,1.0,2.0,1.0,1.0,1.0,4.0,2.0,5.0
52005,2014,2.0,3.0,1.0,1.0,1.0,1.0,3.0,2.0,4.0
52006,2014,2.0,3.0,1.0,1.0,1.0,1.0,,,
52007,2014,1.0,8.0,2.0,1.0,1.0,1.0,4.0,1.0,5.0
52008,2014,2.0,8.0,,0.0,0.0,0.0,4.0,1.0,5.0
52009,2014,2.0,8.0,0.0,0.0,0.0,1.0,1.0,3.0,5.0
52010,2014,1.0,3.0,,1.0,1.0,1.0,1.0,1.0,5.0
52011,2014,1.0,8.0,,1.0,1.0,1.0,1.0,1.0,5.0
52012,2014,2.0,8.0,,1.0,1.0,1.0,2.0,3.0,5.0
52013,2014,2.0,8.0,,1.0,1.0,1.0,1.0,4.0,4.0
52014,2014,1.0,3.0,2.0,0.0,1.0,0.0,2.0,4.0,3.0
52015,2014,1.0,1.0,,1.0,1.0,1.0,2.0,2.0,4.0
52016,2014,1.0,4.0,2.0,0.0,0.0,1.0,4.0,4.0,5.0
52017,2014,2.0,1.0,2.0,0.0,1.0,1.0,3.0,3.0,3.0
52018,2014,2.0,3.0,2.0,1.0,1.0,1.0,3.0,5.0,5.0
52019,2014,1.0,2.0,1.0,1.0,0.0,1.0,1.0,2.0,5.0
52020,2014,1.0,4.0,,1.0,0.0,1.0,2.0,1.0,5.0
52021,2014,1.0,8.0,1.0,0.0,0.0,0.0,1.0,1.0,1.0
52022,2014,2.0,8.0,1.0,1.0,1.0,1.0,1.0,1.0,
52023,2014,2.0,1.0,2.0,1.0,0.0,1.0,4.0,5.0,2.0
52024,2014,1.0,4.0,,1.0,1.0,1.0,,,
52025,2014,1.0,4.0,,1.0,0.0,1.0,5.0,5.0,2.0
52026,2014,2.0,5.0,,1.0,1.0,1.0,4.0,4.0,1.0
52027,2014,1.0,8.0,2.0,0.0,1.0,1.0,2.0,1.0,3.0
52028,2014,2.0,2.0,,0.0,1.0,1.0,5.0,1.0,4.0
52029,2014,2.0,3.0,0.0,0.0,1.0,1.0,2.0,1.0,5.0
52030,2014,2.0,4.0,0.0,0.0,0.0,1.0,1.0,5.0,5.0
52031,2014,,2.0,2.0,1.0,1.0,1.0,2.0,3.0,4.0
52032,2014,2.0,3.0,2.0,0.0,0.0,1.0,4.0,4.0,2.0
52033,2014,2.0,4.0,2.0,1.0,0.0,1.0,5.0,2.0,4.0
52034,2014,1.0,4.0,,1.0,1.0,1.0,2.0,2.0,5.0
52035,2014,2.0,4.0,,1.0,1.0,1.0,4.0,4.0,4.0
52036,2014,2.0,4.0,2.0,1.0,1.0,1.0,5.0,5.0,1.0
52037,2014,1.0,8.0,,1.0,1.0,1.0,1.0,1.0,5.0
52038,2014,1.0,4.0,1.0,1.0,1.0,1.0,,,
52039,2014,1.0,4.0,,0.0,0.0,0.0,2.0,3.0,5.0
52040,2014,2.0,2.0,1.0,1.0,1.0,1.0,2.0,5.0,4.0
52041,2014,2.0,8.0,2.0,0.0,0.0,1.0,5.0,5.0,4.0
52042,2014,1.0,8.0,1.0,1.0,1.0,1.0,,,
52043,2014,1.0,3.0,0.0,0.0,0.0,1.0,3.0,2.0,4.0
52044,2014,2.0,8.0,,1.0,1.0,1.0,1.0,2.0,4.0
52045,2014,2.0,4.0,2.0,1.0,0.0,1.0,4.0,4.0,2.0
52046,2014,2.0,8.0,1.0,0.0,1.0,1.0,5.0,5.0,5.0
52047,2014,2.0,3.0,,1.0,1.0,1.0,3.0,3.0,3.0
52048,2014,2.0,3.0,,1.0,1.0,1.0,2.0,5.0,2.0
52049,2014,2.0,8.0,,1.0,1.0,0.0,2.0,5.0,2.0
52050,2014,1.0,8.0,2.0,1.0,0.0,1.0,3.0,4.0,4.0
52051,2014,1.0,8.0,,1.0,0.0,0.0,2.0,4.0,4.0
52052,2014,2.0,8.0,,1.0,0.0,1.0,5.0,3.0,3.0
52053,2014,1.0,1.0,1.0,0.0,1.0,1.0,1.0,5.0,5.0
52054,2014,1.0,3.0,2.0,1.0,1.0,1.0,4.0,3.0,2.0
52055,2014,2.0,4.0,1.0,0.0,1.0,1.0,5.0,4.0,4.0
52056,2014,1.0,8.0,1.0,0.0,0.0,0.0,4.0,4.0,3.0
52057,2014,1.0,4.0,2.0,1.0,1.0,1.0,3.0,3.0,3.0
52058,2014,1.0,8.0,2.0,0.0,1.0,1.0,1.0,2.0,3.0
52059,2014,2.0,3.0,,1.0,1.0,1.0,2.0,2.0,4.0
52060,2014,1.0,3.0,2.0,1.0,1.0,1.0,3.0,3.0,3.0
52061,2014,2.0,3.0,2.0,1.0,1.0,1.0,2.0,5.0,5.0
52062,2014,1.0,8.0,2.0,1.0,1.0,1.0,2.0,4.0,5.0
52063,2014,2.0,3.0,1.0,1.0,0.0,1.0,5.0,5.0,3.0
52064,2014,1.0,3.0,2.0,0.0,0.0,0.0,5.0,2.0,3.0
52065,2014,2.0,4.0,,0.0,0.0,1.0,5.0,2.0,4.0
52066,2014,2.0,2.0,1.0,0.0,1.0,1.0,4.0,4.0,5.0
52067,2014,2.0,4.0,,1.0,1.0,1.0,2.0,4.0,4.0
52068,2014,1.0,3.0,2.0,1.0,1.0,1.0,2.0,4.0,4.0
52069,2014,1.0,2.0,2.0,0.0,0.0,1.0,5.0,5.0,5.0
52070,2014,2.0,4.0,,0.0,1.0,1.0,3.0,3.0,3.0
52071,2014,1.0,4.0,1.0,1.0,1.0,1.0,3.0,4.0,4.0
52072,2014,1.0,5.0,,0.0,1.0,0.0,2.0,1.0,2.0
52073,2014,1.0,3.0,,1.0,0.0,0.0,4.0,4.0,4.0
52074,2014,1.0,8.0,1.0,1.0,1.0,1.0,3.0,4.0,3.0
52075,2014,1.0,4.0,,0.0,0.0,1.0,1.0,4.0,2.0
52076,2014,1.0,4.0,1.0,1.0,1.0,1.0,4.0,4.0,4.0
52077,2014,2.0,5.0,1.0,1.0,1.0,1.0,1.0,2.0,1.0
52078,2014,2.0,8.0,,0.0,0.0,1.0,3.0,3.0,3.0
52079,2014,2.0,5.0,,1.0,0.0,1.0,4.0,5.0,1.0
52080,2014,1.0,1.0,1.0,0.0,1.0,1.0,2.0,4.0,1.0
52081,2014,2.0,6.0,,1.0,1.0,0.0,4.0,2.0,4.0
52082,2014,2.0,2.0,1.0,1.0,1.0,1.0,2.0,1.0,5.0
52083,2014,2.0,4.0,,1.0,1.0,1.0,5.0,5.0,4.0
52084,2014,2.0,3.0,,1.0,1.0,1.0,1.0,1.0,5.0
52085,2014,1.0,8.0,1.0,1.0,1.0,1.0,1.0,2.0,5.0
52086,2014,1.0,6.0,1.0,0.0,1.0,1.0,2.0,5.0,4.0
52087,2014,1.0,2.0,2.0,1.0,1.0,1.0,1.0,2.0,4.0
52088,2014,2.0,4.0,2.0,1.0,1.0,1.0,5.0,5.0,5.0
52089,2014,1.0,2.0,2.0,1.0,1.0,1.0,1.0,3.0,4.0
52090,2014,1.0,8.0,2.0,1.0,1.0,1.0,4.0,5.0,2.0
52091,2014,2.0,8.0,2.0,1.0,1.0,1.0,1.0,1.0,5.0
52092,2014,1.0,8.0,2.0,1.0,1.0,1.0,3.0,2.0,4.0
52093,2014,2.0,8.0,,1.0,1.0,1.0,3.0,3.0,3.0
52094,2014,2.0,8.0,,1.0,1.0,1.0,1.0,1.0,4.0
52095,2014,1.0,,1.0,0.0,0.0,1.0,3.0,4.0,4.0
52096,2014,1.0,3.0,2.0,1.0,1.0,1.0,1.0,2.0,5.0
52097,2014,2.0,,1.0,1.0,1.0,1.0,,,
52098,2014,1.0,8.0,,0.0,0.0,1.0,2.0,3.0,4.0
52099,2014,2.0,8.0,,1.0,1.0,1.0,1.0,1.0,5.0
52100,2014,2.0,8.0,,1.0,1.0,1.0,4.0,1.0,5.0
52101,2014,2.0,8.0,,1.0,1.0,1.0,1.0,4.0,2.0
52102,2014,2.0,8.0,,0.0,0.0,1.0,1.0,2.0,4.0
52103,2014,2.0,8.0,,1.0,1.0,1.0,,,
52104,2014,2.0,3.0,,1.0,1.0,1.0,3.0,4.0,4.0
52105,2014,1.0,8.0,0.0,0.0,0.0,1.0,,,
52106,2014,1.0,1.0,,0.0,0.0,1.0,4.0,4.0,4.0
52107,2014,1.0,2.0,2.0,1.0,1.0,1.0,1.0,1.0,5.0
52108,2014,1.0,3.0,,1.0,1.0,1.0,1.0,2.0,3.0
52109,2014,1.0,4.0,,0.0,1.0,1.0,5.0,4.0,5.0
52110,2014,1.0,4.0,,0.0,1.0,1.0,3.0,2.0,4.0
52111,2014,1.0,3.0,,1.0,1.0,1.0,4.0,5.0,2.0
52112,2014,2.0,2.0,2.0,1.0,1.0,1.0,2.0,5.0,1.0
52113,2014,2.0,2.0,1.0,1.0,1.0,1.0,1.0,2.0,4.0
52114,2014,2.0,2.0,,1.0,1.0,1.0,2.0,2.0,5.0
52115,2014,1.0,3.0,1.0,1.0,1.0,1.0,1.0,1.0,1.0
52116,2014,2.0,3.0,1.0,0.0,1.0,0.0,4.0,5.0,4.0
52117,2014,2.0,8.0,,1.0,1.0,1.0,4.0,5.0,4.0
52118,2014,2.0,2.0,,0.0,1.0,1.0,2.0,2.0,5.0
52119,2014,2.0,3.0,,1.0,1.0,1.0,2.0,1.0,4.0
52120,2014,1.0,8.0,1.0,1.0,1.0,1.0,3.0,3.0,3.0
52121,2014,1.0,2.0,1.0,1.0,1.0,1.0,3.0,5.0,5.0
52122,2014,2.0,8.0,2.0,1.0,1.0,1.0,1.0,4.0,4.0
52123,2014,2.0,8.0,,1.0,1.0,1.0,4.0,5.0,5.0
52124,2014,2.0,3.0,,1.0,0.0,0.0,4.0,3.0,5.0
52125,2014,1.0,3.0,1.0,0.0,1.0,1.0,3.0,2.0,3.0
52126,2014,2.0,3.0,1.0,1.0,1.0,1.0,5.0,5.0,3.0
52127,2014,2.0,3.0,0.0,0.0,1.0,1.0,4.0,1.0,4.0
52128,2014,2.0,4.0,2.0,1.0,1.0,1.0,5.0,5.0,2.0
52129,2014,1.0,2.0,2.0,0.0,1.0,1.0,2.0,3.0,4.0
52130,2014,1.0,3.0,2.0,1.0,1.0,0.0,3.0,5.0,4.0
52131,2014,1.0,2.0,,1.0,1.0,1.0,1.0,1.0,5.0
52132,2014,1.0,2.0,1.0,0.0,1.0,1.0,3.0,2.0,5.0
52133,2014,1.0,,,1.0,1.0,1.0,3.0,3.0,3.0
52134,2014,2.0,8.0,2.0,1.0,1.0,1.0,1.0,2.0,5.0
52135,2014,1.0,4.0,2.0,1.0,1.0,1.0,4.0,3.0,2.0
52136,2014,1.0,3.0,1.0,1.0,1.0,1.0,3.0,2.0,5.0
52137,2014,1.0,2.0,2.0,0.0,1.0,1.0,2.0,5.0,2.0
52138,2014,2.0,2.0,,1.0,0.0,1.0,2.0,4.0,3.0
52139,2014,1.0,8.0,1.0,0.0,1.0,1.0,1.0,1.0,5.0
52140,2014,1.0,2.0,2.0,1.0,1.0,1.0,3.0,2.0,4.0
52141,2014,1.0,4.0,1.0,1.0,1.0,1.0,4.0,4.0,3.0
52142,2014,2.0,3.0,,1.0,1.0,1.0,5.0,4.0,4.0
52143,2014,2.0,8.0,2.0,1.0,1.0,1.0,1.0,5.0,4.0
52144,2014,2.0,5.0,1.0,1.0,1.0,1.0,2.0,3.0,5.0
52145,2014,1.0,1.0,2.0,1.0,1.0,1.0,5.0,5.0,5.0
52146,2014,2.0,5.0,1.0,0.0,1.0,1.0,4.0,4.0,4.0
52147,2014,1.0,3.0,0.0,0.0,0.0,1.0,4.0,1.0,5.0
52148,2014,2.0,8.0,1.0,0.0,1.0,1.0,3.0,1.0,5.0
52149,2014,2.0,3.0,1.0,0.0,1.0,1.0,5.0,5.0,3.0
52150,2014,2.0,3.0,2.0,1.0,1.0,1.0,3.0,3.0,4.0
52151,2014,1.0,3.0,1.0,1.0,0.0,1.0,1.0,1.0,4.0
52152,2014,2.0,3.0,,0.0,1.0,1.0,2.0,2.0,4.0
52153,2014,1.0,8.0,,0.0,0.0,1.0,2.0,5.0,5.0
52154,2014,2.0,2.0,2.0,1.0,1.0,1.0,3.0,2.0,3.0
52155,2014,1.0,3.0,2.0,0.0,1.0,1.0,5.0,5.0,1.0
52156,2014,2.0,8.0,,0.0,1.0,1.0,3.0,2.0,5.0
52157,2014,2.0,5.0,2.0,1.0,0.0,1.0,1.0,1.0,5.0
